id,value
1,2647
2,1519
3,3496
4,3226
5,2134
6,1506
7,4425
8,3874
9,382
10,335
11,1298
12,2830
13,297
14,2155
15,1637
16,2680
17,1208
18,2594
19,1048
20,105
21,1756
22,3963
23,3954
24,443
25,560
26,1771
27,2467
28,3881
29,1074
30,4891
31,2204
32,4645
33,3759
34,1190
35,4292
36,2555
37,2117
38,339
39,4389
40,2992
41,4124
42,1607
43,3337
44,4416
45,126
46,4557
47,2876
48,175
49,4846
50,622
51,842
52,2869
53,595
54,3492
55,1955
56,983
57,513
58,920
59,1241
60,3291
61,2138
62,4537
63,1583
64,4472
65,4175
66,1207
67,4015
68,2158
69,1249
70,2154
71,1789
72,4783
73,3566
74,3068
75,1926
76,1351
77,4702
78,3403
79,2156
80,1339
81,2658
82,1485
83,2301
84,1001
85,4067
86,4356
87,4375
88,3299
89,1456
90,2380
91,442
92,2173
93,1201
94,3537
95,1034
96,2410
97,1689
98,752
99,567
100,4025
101,499
102,1081
103,1636
104,315
105,1540
106,2165
107,4216
108,1664
109,4338
110,3491
111,4396
112,2934
113,2322
114,3358
115,2445
116,516
117,4839
118,442
119,4813
120,3224
121,4130
122,2171
123,3088
124,2637
125,4669
126,224
127,468
128,3609
129,1012
130,509
131,69
132,3289
133,4109
134,687
135,3606
136,3912
137,4580
138,1962
139,377
140,2623
141,2774
142,2493
143,1976
144,3326
145,3893
146,3358
147,2334
148,2636
149,1182
150,393
151,1187
152,286
153,4978
154,1557
155,3464
156,2381
157,2024
158,859
159,4479
160,3749
161,1351
162,3330
163,668
164,1601
165,3044
166,4081
167,1848
168,2201
169,1828
170,1993
171,793
172,1243
173,1530
174,4828
175,1485
176,2687
177,3670
178,653
179,1515
180,1067
181,4062
182,4072
183,2853
184,1539
185,2590
186,638
187,1645
188,189
189,3612
190,320
191,3941
192,2168
193,2288
194,3441
195,2983
196,2070
197,359
198,1311
199,3795
200,4041
201,474
202,1436
203,1827
204,2720
205,566
206,1114
207,4344
208,1953
209,4626
210,1345
211,1801
212,513
213,1685
214,2885
215,2983
216,340
217,523
218,3089
219,3146
220,886
221,3024
222,3623
223,2849
224,1877
225,917
226,2435
227,996
228,2724
229,3439
230,3642
231,1886
232,4760
233,3386
234,402
235,50
236,4608
237,3149
238,785
239,1861
240,2830
241,2524
242,2386
243,2697
244,2282
245,3940
246,2639
247,1262
248,2303
249,692
250,4518
251,3905
252,3542
253,1526
254,580
255,543
256,1126
257,911
258,465
259,4542
260,2032
261,3154
262,2025
263,3288
264,399
265,830
266,78
267,938
268,4817
269,2378
270,4890
271,4599
272,1447
273,3613
274,3552
275,4989
276,767
277,3782
278,4822
279,4520
280,874
281,403
282,1008
283,4926
284,3203
285,4555
286,3734
287,3976
288,2914
289,3591
290,2811
291,2626
292,2584
293,4834
294,2897
295,3591
296,1321
297,4257
298,397
299,3867
300,257
301,4740
302,713
303,4364
304,4278
305,2592
306,1534
307,1567
308,487
309,400
310,3094
311,2934
312,4875
313,547
314,3451
315,2747
316,1696
317,3561
318,781
319,3703
320,2171
321,2285
322,4290
323,3314
324,618
325,3339
326,3210
327,96
328,4092
329,2373
330,1165
331,954
332,2705
333,111
334,2637
335,3323
336,818
337,3101
338,722
339,2365
340,4834
341,3301
342,4369
343,3751
344,875
345,2018
346,3905
347,3560
348,895
349,2126
350,536
351,3689
352,1090
353,107
354,1461
355,3451
356,773
357,3740
358,4539
359,4128
360,3813
361,3415
362,738
363,1029
364,2059
365,4364
366,4370
367,3551
368,1774
369,3376
370,450
371,2619
372,3670
373,747
374,1560
375,95
376,3681
377,4259
378,3585
379,4261
380,421
381,1346
382,1247
383,2452
384,4638
385,1598
386,3805
387,3909
388,81
389,1028
390,4349
391,4234
392,2178
393,3177
394,3560
395,4140
396,2655
397,4275
398,361
399,4534
400,4220
401,282
402,2902
403,1066
404,4799
405,142
406,2685
407,901
408,3221
409,1752
410,4713
411,1055
412,4328
413,4284
414,3293
415,3061
416,797
417,4721
418,136
419,3310
420,846
421,553
422,1757
423,2263
424,2099
425,750
426,4852
427,3155
428,4805
429,3895
430,3860
431,3039
432,173
433,4974
434,1790
435,4725
436,1134
437,1249
438,4263
439,1677
440,3987
441,3068
442,3926
443,2321
444,1171
445,2815
446,2311
447,1099
448,1301
449,943
450,426
451,926
452,3851
453,1840
454,3494
455,4686
456,1846
457,600
458,3433
459,2653
460,4493
461,654
462,2007
463,4422
464,87
465,2148
466,2390
467,1440
468,2618
469,687
470,580
471,3413
472,3651
473,3180
474,2005
475,3295
476,573
477,4187
478,425
479,900
480,2675
481,1854
482,1330
483,3084
484,492
485,4237
486,3948
487,1709
488,426
489,2208
490,3358
491,2395
492,928
493,3849
494,640
495,4416
496,238
497,532
498,2682
499,905
500,1895
501,324
502,4437
503,3584
504,2668
505,1173
506,1882
507,2906
508,403
509,4104
510,4780
511,780
512,4351
513,3376
514,3762
515,2823
516,1170
517,3367
518,2041
519,4389
520,965
521,2549
522,2701
523,1263
524,2802
525,1627
526,2150
527,4595
528,485
529,4031
530,1328
531,568
532,2044
533,3648
534,1647
535,3991
536,3575
537,1363
538,1272
539,1071
540,1702
541,4096
542,850
543,812
544,2901
545,2688
546,4450
547,3956
548,3613
549,3196
550,4444
551,4430
552,1585
553,3243
554,4293
555,664
556,669
557,4431
558,2915
559,4051
560,1308
561,1997
562,4510
563,1293
564,3881
565,1527
566,2040
567,2247
568,2088
569,3633
570,1595
571,2035
572,2157
573,4867
574,934
575,4122
576,1888
577,3407
578,4908
579,481
580,4935
581,960
582,3599
583,1608
584,710
585,3782
586,741
587,1336
588,4503
589,4015
590,1863
591,4108
592,938
593,4918
594,4305
595,256
596,2218
597,4272
598,2211
599,414
600,1624
601,250
602,1711
603,2396
604,851
605,1359
606,3936
607,4917
608,3411
609,1975
610,3603
611,4113
612,1497
613,2705
614,3844
615,3638
616,3668
617,4510
618,1195
619,2463
620,795
621,3129
622,3473
623,860
624,99
625,3578
626,3042
627,1737
628,2822
629,1690
630,1956
631,2799
632,4496
633,123
634,1038
635,2614
636,1733
637,3701
638,1864
639,2791
640,4489
641,4167
642,4063
643,1520
644,525
645,2023
646,2871
647,546
648,687
649,3406
650,983
651,2778
652,2102
653,4871
654,3076
655,2230
656,492
657,3009
658,2431
659,4583
660,4359
661,1192
662,1836
663,2338
664,4207
665,4461
666,3789
667,4920
668,1499
669,3214
670,2175
671,1617
672,690
673,3848
674,1285
675,1381
676,4802
677,3068
678,1581
679,4002
680,2740
681,1186
682,506
683,1079
684,2993
685,2277
686,2684
687,1793
688,1458
689,2371
690,2416
691,3549
692,3696
693,4261
694,1233
695,3616
696,1874
697,1901
698,4658
699,2748
700,3920
701,1656
702,1785
703,161
704,1834
705,3238
706,4738
707,1183
708,724
709,2667
710,4514
711,1414
712,4078
713,2543
714,3032
715,1303
716,3689
717,707
718,4441
719,3935
720,390
721,2690
722,1447
723,2685
724,1072
725,3306
726,3761
727,2350
728,3176
729,1598
730,3973
731,1630
732,428
733,2231
734,772
735,4988
736,2732
737,448
738,3688
739,1995
740,4999
741,218
742,3446
743,3044
744,3639
745,3841
746,4909
747,4094
748,4997
749,955
750,745
751,2691
752,3204
753,4938
754,936
755,2368
756,4638
757,1745
758,823
759,1215
760,3036
761,4480
762,2623
763,256
764,2620
765,1761
766,4419
767,3020
768,1247
769,220
770,2415
771,838
772,1722
773,4188
774,1289
775,755
776,166
777,3985
778,620
779,3941
780,661
781,3326
782,3583
783,4800
784,852
785,4536
786,3493
787,443
788,150
789,2732
790,4515
791,1227
792,1186
793,2263
794,3181
795,2267
796,4590
797,2308
798,3170
799,390
800,1333
801,4673
802,536
803,1717
804,1488
805,4662
806,3577
807,658
808,4746
809,1896
810,4624
811,2233
812,2881
813,3777
814,2610
815,368
816,2127
817,2651
818,4550
819,2369
820,2387
821,2861
822,1808
823,3835
824,934
825,1889
826,4762
827,4812
828,1505
829,4701
830,4784
831,4746
832,408
833,3741
834,852
835,2478
836,1552
837,3622
838,3856
839,3837
840,402
841,1574
842,1583
843,3701
844,201
845,3688
846,3914
847,2668
848,1608
849,3023
850,778
851,2432
852,504
853,2201
854,3971
855,1615
856,1172
857,4280
858,882
859,4832
860,477
861,1929
862,4522
863,4107
864,3323
865,153
866,4880
867,3278
868,4071
869,261
870,3274
871,1471
872,3510
873,1024
874,1854
875,4192
876,2886
877,3065
878,1099
879,946
880,4096
881,3935
882,4670
883,2173
884,3973
885,2675
886,713
887,2066
888,3896
889,3735
890,4473
891,3288
892,3392
893,2309
894,1478
895,868
896,3157
897,2631
898,3620
899,1994
900,4102
901,2528
902,2293
903,289
904,1451
905,4235
906,2940
907,1867
908,2922
909,239
910,2512
911,2408
912,3277
913,4299
914,4695
915,3050
916,2435
917,409
918,4233
919,4095
920,2352
921,3236
922,2979
923,3202
924,3698
925,2053
926,4236
927,4345
928,1782
929,4902
930,991
931,4660
932,4340
933,1112
934,1870
935,3067
936,4837
937,4589
938,4012
939,810
940,3569
941,4637
942,4931
943,3173
944,3276
945,3301
946,2039
947,2540
948,4055
949,1326
950,4274
951,2824
952,309
953,4035
954,2275
955,3322
956,3591
957,1070
958,1945
959,2414
960,2576
961,4470
962,4381
963,2054
964,1366
965,1601
966,3811
967,266
968,1498
969,373
970,2903
971,3485
972,4479
973,1684
974,230
975,4610
976,3191
977,3343
978,4684
979,4764
980,2899
981,1249
982,2671
983,799
984,2652
985,1158
986,775
987,4315
988,4237
989,67
990,2157
991,2980
992,2190
993,660
994,3900
995,789
996,3138
997,4370
998,2575
999,4752
1000,1069
1001,2821
1002,2126
1003,2812
1004,4007
1005,3701
1006,4299
1007,462
1008,3265
1009,4509
1010,3052
1011,3797
1012,4244
1013,790
1014,2127
1015,3530
1016,3220
1017,2858
1018,4846
1019,4219
1020,2771
1021,4391
1022,4447
1023,1120
1024,4504
1025,2768
1026,3587
1027,2082
1028,3012
1029,3884
1030,3640
1031,2417
1032,1437
1033,919
1034,4362
1035,1244
1036,3442
1037,3783
1038,3993
1039,2921
1040,3080
1041,1414
1042,2274
1043,590
1044,2449
1045,3483
1046,2862
1047,4375
1048,344
1049,4426
1050,4898
1051,1208
1052,193
1053,1624
1054,1379
1055,1160
1056,236
1057,4820
1058,145
1059,2047
1060,3646
1061,2018
1062,889
1063,1854
1064,2252
1065,114
1066,1493
1067,2022
1068,2018
1069,1617
1070,2079
1071,1371
1072,4263
1073,2054
1074,83
1075,319
1076,1045
1077,4363
1078,416
1079,3167
1080,223
1081,425
1082,1713
1083,2722
1084,4614
1085,4781
1086,3950
1087,4416
1088,2317
1089,2487
1090,496
1091,4048
1092,437
1093,3053
1094,2866
1095,3542
1096,4050
1097,4589
1098,4318
1099,1528
1100,1925
1101,2319
1102,633
1103,4160
1104,4808
1105,69
1106,4928
1107,4024
1108,1715
1109,52
1110,4082
1111,1769
1112,1405
1113,146
1114,4283
1115,1122
1116,4636
1117,2450
1118,593
1119,293
1120,3380
1121,2872
1122,1827
1123,2936
1124,947
1125,4288
1126,2363
1127,3634
1128,3088
1129,1396
1130,2731
1131,479
1132,4292
1133,3040
1134,4388
1135,237
1136,3327
1137,3271
1138,3209
1139,150
1140,2787
1141,4740
1142,2168
1143,671
1144,905
1145,3546
1146,3253
1147,3040
1148,590
1149,2893
1150,2026
1151,4715
1152,524
1153,800
1154,2325
1155,4483
1156,4889
1157,126
1158,1920
1159,326
1160,2594
1161,688
1162,4714
1163,3105
1164,4364
1165,522
1166,650
1167,2704
1168,2712
1169,480
1170,4713
1171,3489
1172,1029
1173,94
1174,1014
1175,3057
1176,3612
1177,2103
1178,3751
1179,4921
1180,2919
1181,183
1182,1495
1183,2821
1184,1883
1185,243
1186,2459
1187,4591
1188,4090
1189,2313
1190,4304
1191,2865
1192,2534
1193,3457
1194,2500
1195,1046
1196,792
1197,4651
1198,3681
1199,4171
1200,4635
1201,2737
1202,1770
1203,3191
1204,4063
1205,4155
1206,4259
1207,2445
1208,3301
1209,485
1210,1850
1211,1319
1212,865
1213,848
1214,882
1215,4250
1216,4687
1217,2868
1218,484
1219,4839
1220,4348
1221,4086
1222,2051
1223,3291
1224,3013
1225,2039
1226,4437
1227,1631
1228,4825
1229,261
1230,4857
1231,2591
1232,4741
1233,2393
1234,505
1235,67
1236,1436
1237,1871
1238,1872
1239,4170
1240,2719
1241,4552
1242,237
1243,2141
1244,1046
1245,3689
1246,2693
1247,4344
1248,2934
1249,771
1250,1736
1251,4390
1252,1488
1253,3835
1254,3746
1255,2826
1256,1978
1257,653
1258,3874
1259,351
1260,3477
1261,1120
1262,3186
1263,3918
1264,3480
1265,696
1266,2774
1267,1444
1268,741
1269,530
1270,2433
1271,2414
1272,1528
1273,4421
1274,4142
1275,3014
1276,2592
1277,1770
1278,1878
1279,3286
1280,297
1281,2648
1282,1587
1283,2545
1284,3981
1285,1420
1286,4000
1287,4933
1288,885
1289,4045
1290,236
1291,700
1292,263
1293,1728
1294,3510
1295,2156
1296,225
1297,2614
1298,1591
1299,4120
1300,85
1301,3389
1302,4922
1303,4873
1304,410
1305,1709
1306,715
1307,4404
1308,4973
1309,4798
1310,4095
1311,4011
1312,2227
1313,3301
1314,2982
1315,1321
1316,1101
1317,966
1318,3238
1319,2046
1320,4039
1321,3741
1322,1301
1323,3403
1324,2295
1325,4489
1326,4575
1327,2275
1328,4205
1329,1257
1330,4563
1331,4186
1332,1996
1333,4136
1334,95
1335,2469
1336,322
1337,1179
1338,3160
1339,1156
1340,3495
1341,2443
1342,3420
1343,3995
1344,3909
1345,2745
1346,772
1347,2771
1348,3192
1349,2496
1350,878
1351,3460
1352,3394
1353,3493
1354,3947
1355,1342
1356,1414
1357,2991
1358,2459
1359,2880
1360,4689
1361,3133
1362,913
1363,432
1364,2568
1365,116
1366,1220
1367,1806
1368,4562
1369,1315
1370,2791
1371,384
1372,4330
1373,4856
1374,1360
1375,3538
1376,2990
1377,1611
1378,404
1379,1020
1380,2111
1381,3267
1382,2080
1383,387
1384,759
1385,776
1386,3539
1387,356
1388,1507
1389,4354
1390,2686
1391,946
1392,751
1393,2009
1394,4533
1395,2410
1396,3574
1397,1879
1398,2102
1399,4432
1400,2442
1401,4493
1402,2274
1403,2543
1404,432
1405,4150
1406,4444
1407,4354
1408,3241
1409,3675
1410,800
1411,4910
1412,4572
1413,1798
1414,1808
1415,2749
1416,4876
1417,3558
1418,1591
1419,2690
1420,2150
1421,2863
1422,4472
1423,927
1424,1489
1425,1023
1426,475
1427,517
1428,689
1429,1252
1430,904
1431,4262
1432,2198
1433,749
1434,383
1435,1022
1436,4262
1437,4744
1438,214
1439,4224
1440,4726
1441,2318
1442,1069
1443,2475
1444,1065
1445,527
1446,1371
1447,3639
1448,1986
1449,4369
1450,282
1451,1101
1452,3488
1453,3601
1454,2018
1455,4817
1456,4946
1457,3905
1458,312
1459,4073
1460,2955
1461,883
1462,4977
1463,3281
1464,2460
1465,4679
1466,4259
1467,276
1468,4683
1469,523
1470,2443
1471,2324
1472,3974
1473,2783
1474,830
1475,1922
1476,4903
1477,3197
1478,2889
1479,3505
1480,1702
1481,3762
1482,1235
1483,2263
1484,1641
1485,1384
1486,4715
1487,4024
1488,3203
1489,1324
1490,3668
1491,1841
1492,3808
1493,3604
1494,2903
1495,1431
1496,4339
1497,3496
1498,1933
1499,708
1500,3790
1501,1669
1502,3328
1503,4064
1504,4435
1505,4683
1506,3127
1507,1631
1508,3117
1509,1098
1510,667
1511,1192
1512,110
1513,2197
1514,2588
1515,4386
1516,2126
1517,1251
1518,54
1519,4056
1520,4446
1521,4719
1522,490
1523,4915
1524,3748
1525,4020
1526,3892
1527,644
1528,2840
1529,3875
1530,2371
1531,3956
1532,4728
1533,2439
1534,4422
1535,4115
1536,866
1537,1788
1538,1472
1539,86
1540,1679
1541,1076
1542,3438
1543,4762
1544,3620
1545,530
1546,1088
1547,4804
1548,1172
1549,1611
1550,4476
1551,4804
1552,718
1553,4789
1554,3680
1555,2067
1556,368
1557,3135
1558,2047
1559,3754
1560,3476
1561,2406
1562,1318
1563,4561
1564,1708
1565,2585
1566,4209
1567,1456
1568,4852
1569,4657
1570,569
1571,4755
1572,3821
1573,1487
1574,2530
1575,2572
1576,1629
1577,4995
1578,2690
1579,3684
1580,4065
1581,4676
1582,2408
1583,1400
1584,2698
1585,2371
1586,627
1587,2637
1588,3352
1589,789
1590,341
1591,401
1592,1260
1593,1954
1594,2837
1595,3017
1596,3776
1597,1078
1598,4316
1599,692
1600,4594
1601,3251
1602,379
1603,2874
1604,828
1605,2803
1606,3741
1607,3605
1608,88
1609,4949
1610,1622
1611,1383
1612,1052
1613,1731
1614,602
1615,1593
1616,3298
1617,3728
1618,890
1619,4778
1620,3655
1621,201
1622,441
1623,4692
1624,2445
1625,4597
1626,4699
1627,2514
1628,2975
1629,4914
1630,2970
1631,3694
1632,172
1633,2148
1634,3499
1635,438
1636,700
1637,1294
1638,4387
1639,331
1640,358
1641,3930
1642,4067
1643,1966
1644,4474
1645,3883
1646,3606
1647,3512
1648,936
1649,636
1650,1970
1651,3283
1652,4654
1653,4534
1654,4246
1655,3732
1656,2726
1657,1239
1658,2190
1659,3668
1660,4528
1661,999
1662,4696
1663,4548
1664,1479
1665,1676
1666,4072
1667,1537
1668,2849
1669,2376
1670,2444
1671,3221
1672,3323
1673,1985
1674,2729
1675,1232
1676,2934
1677,1513
1678,4764
1679,4955
1680,1115
1681,710
1682,4105
1683,1256
1684,3096
1685,2635
1686,3676
1687,2410
1688,764
1689,1503
1690,3784
1691,2645
1692,1903
1693,3994
1694,3290
1695,1889
1696,3649
1697,3886
1698,4256
1699,219
1700,3291
1701,3968
1702,3849
1703,1576
1704,3602
1705,3940
1706,2240
1707,1698
1708,1169
1709,3276
1710,3675
1711,179
1712,4348
1713,4465
1714,2369
1715,1123
1716,4854
1717,682
1718,3314
1719,1547
1720,2711
1721,1312
1722,236
1723,1638
1724,2930
1725,470
1726,2039
1727,1510
1728,4089
1729,4447
1730,3677
1731,4976
1732,2969
1733,3859
1734,2530
1735,3893
1736,4267
1737,2829
1738,717
1739,3607
1740,685
1741,177
1742,2680
1743,1000
1744,3602
1745,4306
1746,4808
1747,4676
1748,321
1749,2107
1750,4017
1751,4388
1752,769
1753,4960
1754,1016
1755,83
1756,2289
1757,3285
1758,2288
1759,3194
1760,3885
1761,3195
1762,193
1763,242
1764,1202
1765,3593
1766,3816
1767,1698
1768,1566
1769,3148
1770,1984
1771,100
1772,554
1773,2105
1774,1263
1775,2119
1776,4995
1777,3156
1778,4715
1779,3292
1780,3853
1781,1008
1782,275
1783,4200
1784,475
1785,1740
1786,1177
1787,4634
1788,339
1789,2975
1790,4609
1791,3881
1792,2181
1793,2938
1794,4349
1795,4744
1796,3325
1797,4685
1798,4858
1799,3601
1800,2184
1801,4183
1802,4135
1803,4312
1804,2056
1805,3043
1806,4838
1807,3972
1808,1282
1809,4285
1810,4363
1811,4324
1812,4305
1813,1856
1814,3990
1815,3048
1816,1120
1817,4669
1818,4653
1819,3545
1820,4017
1821,1126
1822,3403
1823,2139
1824,2787
1825,2346
1826,2163
1827,393
1828,1232
1829,2419
1830,1092
1831,4306
1832,3908
1833,4510
1834,3301
1835,4196
1836,3267
1837,3067
1838,4141
1839,964
1840,291
1841,4082
1842,1007
1843,2292
1844,4820
1845,4927
1846,3939
1847,2929
1848,2843
1849,1789
1850,2800
1851,4873
1852,4631
1853,3691
1854,3323
1855,1263
1856,3642
1857,1966
1858,3644
1859,3954
1860,2118
1861,3255
1862,3551
1863,2533
1864,4668
1865,4520
1866,3527
1867,1289
1868,4156
1869,3870
1870,4336
1871,3707
1872,2629
1873,2281
1874,4411
1875,1972
1876,875
1877,1779
1878,1057
1879,2744
1880,2211
1881,1158
1882,225
1883,2904
1884,457
1885,3500
1886,261
1887,4879
1888,2647
1889,3234
1890,1066
1891,2721
1892,901
1893,2839
1894,1277
1895,1355
1896,2979
1897,805
1898,2341
1899,3011
1900,3229
1901,1923
1902,3972
1903,158
1904,2474
1905,4173
1906,1019
1907,3244
1908,3311
1909,1617
1910,2426
1911,90
1912,1068
1913,1339
1914,2684
1915,171
1916,1258
1917,3848
1918,968
1919,346
1920,3682
1921,1939
1922,1837
1923,3164
1924,219
1925,3146
1926,721
1927,2301
1928,683
1929,796
1930,867
1931,3895
1932,2390
1933,1250
1934,664
1935,2739
1936,2426
1937,1314
1938,3577
1939,318
1940,400
1941,1032
1942,4916
1943,1880
1944,2564
1945,4094
1946,1746
1947,4682
1948,4933
1949,303
1950,3410
1951,4694
1952,2394
1953,2418
1954,1338
1955,3800
1956,2584
1957,3088
1958,917
1959,2339
1960,112
1961,4551
1962,1675
1963,1285
1964,4835
1965,2602
1966,1376
1967,2098
1968,2562
1969,1388
1970,3567
1971,1656
1972,1511
1973,362
1974,1393
1975,4128
1976,3523
1977,629
1978,3135
1979,942
1980,4074
1981,2814
1982,2411
1983,3567
1984,2986
1985,2974
1986,2451
1987,4836
1988,691
1989,1588
1990,392
1991,2844
1992,1771
1993,1034
1994,2896
1995,4574
1996,429
1997,2943
1998,1536
1999,447
2000,3872
2001,3572
2002,1500
2003,1269
2004,2175
2005,4518
2006,4269
2007,3615
2008,4372
2009,1198
2010,4076
2011,2707
2012,2857
2013,2195
2014,3357
2015,1285
2016,450
2017,1835
2018,2533
2019,4045
2020,1550
2021,809
2022,3517
2023,1334
2024,1142
2025,3217
2026,1392
2027,4140
2028,3227
2029,687
2030,516
2031,405
2032,4360
2033,2233
2034,120
2035,2899
2036,3801
2037,806
2038,1161
2039,2157
2040,4638
2041,3588
2042,1351
2043,3145
2044,796
2045,382
2046,3764
2047,2496
2048,4647
2049,3077
2050,3967
2051,3037
2052,2572
2053,3698
2054,1137
2055,745
2056,4026
2057,2521
2058,3044
2059,2739
2060,1012
2061,4432
2062,354
2063,2868
2064,1062
2065,674
2066,1998
2067,4739
2068,4408
2069,4974
2070,2604
2071,4661
2072,1980
2073,4175
2074,3170
2075,2482
2076,1704
2077,4933
2078,4883
2079,2273
2080,3222
2081,294
2082,3268
2083,1766
2084,1261
2085,55
2086,4373
2087,2640
2088,2603
2089,3532
2090,1268
2091,3900
2092,2377
2093,1321
2094,601
2095,4667
2096,1751
2097,4747
2098,890
2099,3572
2100,2043
2101,1492
2102,4697
2103,1673
2104,2526
2105,4790
2106,303
2107,331
2108,1214
2109,3087
2110,2367
2111,2964
2112,2820
2113,4147
2114,4083
2115,3535
2116,3742
2117,3787
2118,3771
2119,1924
2120,4080
2121,3555
2122,1583
2123,2942
2124,4623
2125,1562
2126,461
2127,1734
2128,399
2129,1740
2130,4901
2131,4387
2132,103
2133,3718
2134,2888
2135,4628
2136,1346
2137,2810
2138,3395
2139,3989
2140,2838
2141,3234
2142,2858
2143,2804
2144,340
2145,4563
2146,2915
2147,4684
2148,109
2149,2508
2150,1448
2151,269
2152,3930
2153,2424
2154,2173
2155,1094
2156,515
2157,3084
2158,628
2159,981
2160,1372
2161,4443
2162,4258
2163,4678
2164,3477
2165,4905
2166,2303
2167,4032
2168,4506
2169,4906
2170,4587
2171,2488
2172,4378
2173,548
2174,3897
2175,4558
2176,4856
2177,4989
2178,2894
2179,4504
2180,4737
2181,4454
2182,4400
2183,2908
2184,1884
2185,3129
2186,2643
2187,1782
2188,2487
2189,3235
2190,1760
2191,2291
2192,4354
2193,3842
2194,2312
2195,4682
2196,1161
2197,2629
2198,3431
2199,2453
2200,1668
2201,495
2202,974
2203,1086
2204,3159
2205,1632
2206,164
2207,1520
2208,2519
2209,2518
2210,2301
2211,993
2212,472
2213,1339
2214,1411
2215,299
2216,2359
2217,2008
2218,1411
2219,2745
2220,4490
2221,4261
2222,2036
2223,1889
2224,2222
2225,2240
2226,257
2227,4407
2228,3974
2229,3895
2230,1354
2231,4298
2232,1377
2233,1380
2234,3274
2235,1536
2236,1344
2237,3745
2238,3093
2239,3668
2240,4219
2241,1776
2242,516
2243,4543
2244,1694
2245,160
2246,4697
2247,4817
2248,4650
2249,3035
2250,3432
2251,3581
2252,285
2253,511
2254,1751
2255,4519
2256,4236
2257,727
2258,4494
2259,2536
2260,3867
2261,3244
2262,4446
2263,1842
2264,1290
2265,1584
2266,3616
2267,3021
2268,3869
2269,1316
2270,2840
2271,4649
2272,2145
2273,3586
2274,4215
2275,2605
2276,272
2277,1244
2278,660
2279,2810
2280,4084
2281,1976
2282,83
2283,1326
2284,4643
2285,1775
2286,297
2287,1348
2288,173
2289,4033
2290,2931
2291,834
2292,1888
2293,4522
2294,1139
2295,1900
2296,1430
2297,2492
2298,2776
2299,1524
2300,2190
2301,3374
2302,3322
2303,228
2304,1800
2305,1777
2306,285
2307,3715
2308,1684
2309,1080
2310,4364
2311,3671
2312,3853
2313,3048
2314,651
2315,4512
2316,3128
2317,2233
2318,292
2319,1696
2320,283
2321,4354
2322,1925
2323,2109
2324,1916
2325,779
2326,1880
2327,2069
2328,4350
2329,2148
2330,2404
2331,4165
2332,4307
2333,1891
2334,3536
2335,1152
2336,689
2337,2409
2338,2144
2339,1674
2340,1148
2341,1885
2342,3021
2343,2463
2344,2393
2345,4548
2346,3206
2347,3174
2348,2849
2349,154
2350,2670
2351,4610
2352,3569
2353,657
2354,2553
2355,3000
2356,1797
2357,1238
2358,2803
2359,3154
2360,4721
2361,3785
2362,74
2363,2419
2364,553
2365,2151
2366,154
2367,2409
2368,1981
2369,2915
2370,724
2371,1781
2372,2977
2373,4641
2374,2243
2375,2503
2376,3563
2377,194
2378,4304
2379,3866
2380,644
2381,4133
2382,835
2383,596
2384,1659
2385,2970
2386,4407
2387,1379
2388,4174
2389,1016
2390,1043
2391,3714
2392,3070
2393,3548
2394,1399
2395,4018
2396,3313
2397,4147
2398,4348
2399,2144
2400,1115
2401,1731
2402,3333
2403,4040
2404,3035
2405,3413
2406,2969
2407,3164
2408,4078
2409,2706
2410,4105
2411,2907
2412,1531
2413,2875
2414,4756
2415,4754
2416,1280
2417,1663
2418,697
2419,3903
2420,3789
2421,1110
2422,4293
2423,2924
2424,875
2425,3903
2426,4143
2427,3939
2428,2118
2429,171
2430,969
2431,838
2432,2155
2433,1935
2434,1541
2435,4661
2436,4737
2437,3035
2438,4716
2439,3191
2440,515
2441,1811
2442,4899
2443,3178
2444,63
2445,1361
2446,4499
2447,1417
2448,909
2449,4762
2450,4712
2451,3678
2452,1928
2453,2147
2454,760
2455,679
2456,1611
2457,2853
2458,1403
2459,2337
2460,3061
2461,4356
2462,3346
2463,4823
2464,3651
2465,173
2466,197
2467,2607
2468,4558
2469,4239
2470,4158
2471,1634
2472,472
2473,4780
2474,4153
2475,4072
2476,3281
2477,3165
2478,2568
2479,4590
2480,338
2481,3348
2482,4671
2483,3221
2484,2545
2485,4927
2486,4220
2487,2310
2488,1554
2489,338
2490,4075
2491,1999
2492,1733
2493,945
2494,795
2495,485
2496,752
2497,2823
2498,4267
2499,2899
2500,533
2501,2255
2502,2962
2503,3487
2504,3760
2505,3921
2506,895
2507,2633
2508,3322
2509,840
2510,2109
2511,1465
2512,1436
2513,231
2514,3195
2515,2869
2516,4922
2517,3911
2518,2145
2519,3209
2520,2523
2521,2073
2522,3983
2523,783
2524,2118
2525,300
2526,4342
2527,1241
2528,1855
2529,832
2530,3739
2531,857
2532,3320
2533,313
2534,2836
2535,2693
2536,4261
2537,1151
2538,555
2539,3289
2540,2666
2541,1677
2542,1881
2543,246
2544,4609
2545,2898
2546,4687
2547,4397
2548,3305
2549,4565
2550,4464
2551,3972
2552,4072
2553,565
2554,2441
2555,3744
2556,2878
2557,368
2558,4994
2559,307
2560,741
2561,995
2562,2113
2563,1599
2564,2565
2565,2635
2566,4058
2567,4653
2568,4771
2569,1193
2570,2647
2571,1290
2572,3963
2573,3847
2574,2405
2575,3631
2576,3834
2577,934
2578,1302
2579,514
2580,841
2581,1142
2582,1531
2583,2500
2584,1861
2585,943
2586,4293
2587,2483
2588,4365
2589,2612
2590,4896
2591,2443
2592,630
2593,4320
2594,1066
2595,1492
2596,3136
2597,2294
2598,2359
2599,3543
2600,347
2601,4517
2602,1252
2603,4091
2604,2617
2605,1005
2606,2258
2607,1891
2608,3368
2609,584
2610,1391
2611,2626
2612,1420
2613,4753
2614,1517
2615,3101
2616,4844
2617,3797
2618,2352
2619,3581
2620,987
2621,1433
2622,4648
2623,1393
2624,3625
2625,200
2626,3068
2627,3705
2628,718
2629,3632
2630,3842
2631,3092
2632,1266
2633,870
2634,3533
2635,1489
2636,1166
2637,2469
2638,1299
2639,1011
2640,61
2641,2544
2642,4130
2643,4736
2644,1051
2645,2154
2646,123
2647,323
2648,3737
2649,1405
2650,72
2651,4210
2652,4341
2653,3466
2654,227
2655,321
2656,2669
2657,793
2658,1155
2659,2063
2660,3985
2661,2103
2662,3446
2663,3225
2664,652
2665,1573
2666,1726
2667,3791
2668,332
2669,65
2670,1745
2671,1194
2672,1193
2673,3028
2674,2861
2675,2179
2676,703
2677,893
2678,3615
2679,4766
2680,3828
2681,3603
2682,1815
2683,800
2684,556
2685,4507
2686,1897
2687,4066
2688,665
2689,350
2690,1142
2691,2390
2692,2943
2693,3123
2694,3174
2695,628
2696,3556
2697,803
2698,4031
2699,2959
2700,275
2701,1128
2702,1346
2703,3142
2704,4711
2705,3200
2706,236
2707,4739
2708,811
2709,4595
2710,4670
2711,2200
2712,3128
2713,634
2714,4014
2715,1938
2716,540
2717,1933
2718,1734
2719,608
2720,628
2721,3315
2722,379
2723,1153
2724,441
2725,325
2726,4218
2727,1482
2728,1009
2729,4085
2730,3415
2731,1143
2732,4115
2733,923
2734,3439
2735,2764
2736,1725
2737,1958
2738,1595
2739,400
2740,2073
2741,3433
2742,893
2743,1118
2744,1655
2745,1585
2746,270
2747,1388
2748,731
2749,1195
2750,3778
2751,3264
2752,640
2753,2993
2754,4917
2755,2821
2756,661
2757,2060
2758,2250
2759,3077
2760,3053
2761,4745
2762,4501
2763,1182
2764,4790
2765,2984
2766,3916
2767,1270
2768,628
2769,452
2770,1295
2771,177
2772,763
2773,1929
2774,3987
2775,3724
2776,491
2777,4396
2778,2117
2779,999
2780,3478
2781,4958
2782,3772
2783,1567
2784,681
2785,1034
2786,1882
2787,431
2788,1450
2789,2646
2790,710
2791,330
2792,2179
2793,4465
2794,2005
2795,4591
2796,2722
2797,4252
2798,4523
2799,3862
2800,2347
2801,1077
2802,3260
2803,4580
2804,1079
2805,3613
2806,2881
2807,4101
2808,2664
2809,2546
2810,198
2811,1537
2812,1983
2813,2028
2814,4526
2815,4168
2816,2559
2817,4219
2818,609
2819,2348
2820,3203
2821,66
2822,2910
2823,3282
2824,1147
2825,579
2826,4227
2827,4082
2828,2201
2829,3520
2830,4965
2831,1817
2832,4397
2833,861
2834,3334
2835,4410
2836,2848
2837,1864
2838,4612
2839,3450
2840,960
2841,4369
2842,4492
2843,3164
2844,4608
2845,4958
2846,4159
2847,2087
2848,1186
2849,3299
2850,1650
2851,1436
2852,365
2853,531
2854,2330
2855,371
2856,3509
2857,4958
2858,598
2859,2366
2860,3400
2861,2594
2862,3555
2863,2206
2864,3582
2865,122
2866,4405
2867,3005
2868,4243
2869,217
2870,650
2871,241
2872,75
2873,4294
2874,130
2875,4066
2876,2486
2877,3378
2878,4828
2879,454
2880,3423
2881,1674
2882,4366
2883,517
2884,330
2885,4414
2886,1319
2887,3657
2888,4671
2889,844
2890,4840
2891,1365
2892,2349
2893,946
2894,465
2895,160
2896,1889
2897,3695
2898,2626
2899,1770
2900,1490
2901,2702
2902,4346
2903,683
2904,2176
2905,2780
2906,783
2907,2201
2908,141
2909,1673
2910,3047
2911,4954
2912,4186
2913,2524
2914,4517
2915,3251
2916,4658
2917,3390
2918,4895
2919,219
2920,2489
2921,1829
2922,1128
2923,91
2924,4969
2925,3701
2926,2928
2927,1746
2928,3150
2929,3542
2930,3265
2931,2232
2932,4463
2933,3406
2934,3104
2935,2674
2936,3761
2937,1095
2938,807
2939,2137
2940,4321
2941,222
2942,3467
2943,1553
2944,646
2945,3816
2946,1974
2947,1643
2948,792
2949,875
2950,1135
2951,4038
2952,398
2953,3392
2954,876
2955,1736
2956,4624
2957,4593
2958,4414
2959,2267
2960,1832
2961,4394
2962,2041
2963,2429
2964,1644
2965,3164
2966,4396
2967,2203
2968,3592
2969,3159
2970,593
2971,3913
2972,3517
2973,3927
2974,201
2975,2579
2976,1070
2977,4493
2978,3892
2979,4737
2980,1419
2981,2091
2982,2247
2983,1258
2984,3659
2985,1587
2986,1508
2987,3199
2988,2871
2989,1012
2990,2612
2991,3334
2992,518
2993,1654
2994,1818
2995,2786
2996,3391
2997,2347
2998,1030
2999,1813
3000,4817
3001,2980
3002,645
3003,1615
3004,417
3005,2071
3006,4984
3007,2517
3008,2247
3009,738
3010,3793
3011,4681
3012,118
3013,2719
3014,1212
3015,1427
3016,3869
3017,4612
3018,3039
3019,383
3020,3379
3021,4978
3022,211
3023,3863
3024,2626
3025,4219
3026,1180
3027,4375
3028,501
3029,1284
3030,3166
3031,3541
3032,1188
3033,4291
3034,2828
3035,3886
3036,937
3037,3332
3038,813
3039,4421
3040,1658
3041,3316
3042,1890
3043,1130
3044,970
3045,4616
3046,2882
3047,3495
3048,4568
3049,429
3050,4051
3051,4008
3052,4674
3053,3490
3054,945
3055,2428
3056,1823
3057,1260
3058,289
3059,3313
3060,4002
3061,1338
3062,4618
3063,4715
3064,4215
3065,343
3066,2117
3067,1266
3068,4203
3069,4496
3070,630
3071,903
3072,4952
3073,3867
3074,1499
3075,659
3076,2216
3077,4138
3078,1403
3079,2471
3080,794
3081,616
3082,1368
3083,2201
3084,2454
3085,302
3086,329
3087,4531
3088,2140
3089,1147
3090,2567
3091,3935
3092,4365
3093,330
3094,3016
3095,163
3096,1332
3097,1480
3098,2909
3099,533
3100,3909
3101,1003
3102,4187
3103,1799
3104,1219
3105,1258
3106,622
3107,4509
3108,1251
3109,2328
3110,1060
3111,1584
3112,2760
3113,2078
3114,2808
3115,2763
3116,1709
3117,1772
3118,2536
3119,4949
3120,3327
3121,3248
3122,244
3123,4825
3124,3550
3125,4364
3126,4129
3127,2402
3128,4588
3129,202
3130,2165
3131,270
3132,3569
3133,4991
3134,1116
3135,3924
3136,4183
3137,3524
3138,3739
3139,4599
3140,1659
3141,3659
3142,2451
3143,3660
3144,1682
3145,3222
3146,3643
3147,2943
3148,1148
3149,2902
3150,809
3151,227
3152,4144
3153,1259
3154,4024
3155,1807
3156,4953
3157,4570
3158,2470
3159,2087
3160,2146
3161,456
3162,2208
3163,4594
3164,623
3165,192
3166,265
3167,669
3168,1290
3169,3342
3170,2512
3171,435
3172,2091
3173,908
3174,2554
3175,4770
3176,1817
3177,2859
3178,4708
3179,4102
3180,918
3181,4725
3182,2540
3183,4136
3184,1010
3185,638
3186,2229
3187,3645
3188,4611
3189,1436
3190,1683
3191,1834
3192,882
3193,2065
3194,4496
3195,4771
3196,2791
3197,4369
3198,304
3199,1823
3200,946
3201,602
3202,2569
3203,1785
3204,4620
3205,607
3206,3308
3207,1398
3208,4033
3209,2638
3210,3777
3211,3141
3212,1063
3213,1268
3214,305
3215,1791
3216,3687
3217,3341
3218,2580
3219,4040
3220,4552
3221,4133
3222,809
3223,1584
3224,4017
3225,1307
3226,3309
3227,3791
3228,4052
3229,3269
3230,3586
3231,4306
3232,2739
3233,3446
3234,1140
3235,3418
3236,213
3237,4351
3238,4955
3239,2616
3240,4326
3241,1238
3242,129
3243,4188
3244,1014
3245,2202
3246,792
3247,549
3248,3488
3249,2492
3250,2170
3251,4266
3252,2412
3253,2952
3254,3525
3255,2287
3256,656
3257,902
3258,3688
3259,2441
3260,3276
3261,3500
3262,4558
3263,4349
3264,4004
3265,3670
3266,202
3267,2325
3268,4649
3269,3407
3270,789
3271,3627
3272,3658
3273,1815
3274,1616
3275,1970
3276,3770
3277,394
3278,715
3279,4868
3280,3174
3281,764
3282,4967
3283,3933
3284,4484
3285,1037
3286,3274
3287,1039
3288,4405
3289,401
3290,1265
3291,2782
3292,1322
3293,4683
3294,3021
3295,4619
3296,4983
3297,2262
3298,4217
3299,4647
3300,1719
3301,3686
3302,2757
3303,3659
3304,4586
3305,194
3306,4480
3307,4332
3308,2544
3309,3360
3310,4830
3311,190
3312,3833
3313,3153
3314,4029
3315,4629
3316,2515
3317,3956
3318,3907
3319,4580
3320,2329
3321,2770
3322,3004
3323,958
3324,4498
3325,606
3326,1379
3327,3887
3328,3296
3329,4586
3330,1306
3331,3828
3332,1585
3333,1247
3334,290
3335,2263
3336,4199
3337,873
3338,3147
3339,4478
3340,4099
3341,2574
3342,1079
3343,1177
3344,2014
3345,2498
3346,2167
3347,1575
3348,3742
3349,3106
3350,1659
3351,53
3352,194
3353,3364
3354,290
3355,3064
3356,115
3357,396
3358,2037
3359,1998
3360,3940
3361,3562
3362,3152
3363,2705
3364,2103
3365,132
3366,327
3367,4126
3368,909
3369,2783
3370,4037
3371,1745
3372,3576
3373,4427
3374,343
3375,141
3376,454
3377,94
3378,766
3379,4683
3380,4348
3381,4507
3382,2863
3383,2700
3384,580
3385,575
3386,303
3387,364
3388,2453
3389,4732
3390,4942
3391,1861
3392,1823
3393,2637
3394,4154
3395,2636
3396,3823
3397,391
3398,3186
3399,691
3400,1399
3401,4534
3402,2936
3403,3465
3404,2598
3405,1104
3406,2265
3407,4776
3408,872
3409,4204
3410,2891
3411,1909
3412,4505
3413,3986
3414,1233
3415,4811
3416,1585
3417,3065
3418,102
3419,922
3420,1307
3421,2532
3422,2696
3423,4074
3424,458
3425,3636
3426,1964
3427,4041
3428,1737
3429,1024
3430,3512
3431,3521
3432,56
3433,4513
3434,3907
3435,3322
3436,1955
3437,1384
3438,271
3439,1367
3440,4758
3441,4341
3442,1154
3443,3062
3444,1401
3445,1504
3446,805
3447,1371
3448,2895
3449,956
3450,727
3451,4044
3452,1294
3453,1863
3454,4391
3455,818
3456,1096
3457,584
3458,4477
3459,344
3460,4892
3461,411
3462,3349
3463,2798
3464,3794
3465,2045
3466,60
3467,1106
3468,419
3469,2468
3470,1219
3471,1488
3472,3371
3473,2408
3474,1335
3475,1647
3476,4587
3477,3737
3478,4425
3479,1210
3480,247
3481,4372
3482,3377
3483,82
3484,3250
3485,2689
3486,2523
3487,2682
3488,1365
3489,1962
3490,157
3491,3000
3492,3141
3493,1687
3494,4455
3495,1908
3496,2075
3497,2447
3498,2721
3499,1600
3500,4345
3501,4521
3502,4974
3503,4272
3504,3552
3505,1550
3506,836
3507,822
3508,4135
3509,4999
3510,4012
3511,2197
3512,3617
3513,3740
3514,1375
3515,1013
3516,4737
3517,1338
3518,2802
3519,2533
3520,783
3521,2158
3522,1003
3523,441
3524,4082
3525,1731
3526,2031
3527,1328
3528,2638
3529,1491
3530,3591
3531,4371
3532,2030
3533,2939
3534,2427
3535,2930
3536,4192
3537,1035
3538,4180
3539,4993
3540,4163
3541,3719
3542,4430
3543,3219
3544,1964
3545,2879
3546,2260
3547,4920
3548,173
3549,986
3550,4628
3551,3671
3552,560
3553,194
3554,384
3555,4845
3556,4037
3557,2053
3558,3392
3559,2589
3560,2407
3561,1450
3562,4128
3563,2881
3564,1765
3565,2889
3566,1257
3567,2806
3568,840
3569,4112
3570,4850
3571,4179
3572,1458
3573,4630
3574,1093
3575,1773
3576,966
3577,2675
3578,2442
3579,698
3580,1886
3581,580
3582,4651
3583,1950
3584,4563
3585,4056
3586,4169
3587,4411
3588,2036
3589,4215
3590,1966
3591,2249
3592,2330
3593,1762
3594,2461
3595,2852
3596,3136
3597,4351
3598,1951
3599,3431
3600,1596
3601,4266
3602,173
3603,3673
3604,3960
3605,2825
3606,4963
3607,343
3608,3386
3609,2016
3610,2281
3611,3006
3612,3096
3613,1082
3614,458
3615,1609
3616,1908
3617,2251
3618,1819
3619,4047
3620,1048
3621,2085
3622,1735
3623,4468
3624,2220
3625,4368
3626,4670
3627,3519
3628,589
3629,2932
3630,2625
3631,711
3632,862
3633,3163
3634,2755
3635,4486
3636,1299
3637,1802
3638,3958
3639,4338
3640,241
3641,2975
3642,1609
3643,436
3644,2440
3645,4216
3646,807
3647,4662
3648,54
3649,3956
3650,575
3651,1641
3652,1646
3653,2269
3654,1321
3655,3796
3656,2585
3657,1251
3658,1375
3659,4781
3660,4812
3661,3065
3662,3833
3663,2401
3664,1380
3665,4069
3666,2112
3667,2028
3668,1477
3669,4503
3670,1916
3671,1617
3672,2991
3673,88
3674,718
3675,1404
3676,3196
3677,1071
3678,3945
3679,1184
3680,3439
3681,3680
3682,2024
3683,4084
3684,2599
3685,4179
3686,4880
3687,962
3688,2875
3689,3747
3690,1778
3691,2161
3692,1404
3693,3738
3694,1503
3695,4971
3696,4930
3697,3802
3698,3395
3699,2256
3700,4287
3701,3889
3702,2630
3703,2186
3704,3066
3705,891
3706,3182
3707,4337
3708,4327
3709,4860
3710,1130
3711,4104
3712,2127
3713,1296
3714,1946
3715,1924
3716,4572
3717,4399
3718,2917
3719,3665
3720,114
3721,3845
3722,2950
3723,2203
3724,1000
3725,4417
3726,3046
3727,1387
3728,2478
3729,3380
3730,655
3731,2642
3732,1259
3733,874
3734,2304
3735,4237
3736,4566
3737,2627
3738,4874
3739,1482
3740,1543
3741,3088
3742,1914
3743,4862
3744,3315
3745,799
3746,1650
3747,948
3748,1783
3749,4594
3750,3517
3751,3674
3752,1560
3753,1715
3754,2279
3755,571
3756,4940
3757,3319
3758,333
3759,3478
3760,154
3761,927
3762,933
3763,4376
3764,3767
3765,4869
3766,1365
3767,374
3768,2807
3769,3530
3770,1679
3771,2507
3772,1807
3773,54
3774,3426
3775,1810
3776,460
3777,4484
3778,1808
3779,2734
3780,1278
3781,705
3782,1111
3783,4412
3784,4616
3785,3136
3786,3632
3787,89
3788,1741
3789,406
3790,282
3791,4819
3792,2703
3793,505
3794,1039
3795,2764
3796,1362
3797,2066
3798,1964
3799,546
3800,917
3801,796
3802,3569
3803,754
3804,915
3805,2809
3806,264
3807,3952
3808,1461
3809,4121
3810,595
3811,1067
3812,2088
3813,4793
3814,2119
3815,4300
3816,164
3817,2908
3818,2310
3819,1121
3820,666
3821,2399
3822,589
3823,3034
3824,1058
3825,3087
3826,4037
3827,3897
3828,664
3829,2832
3830,2681
3831,2854
3832,3165
3833,2884
3834,3524
3835,4357
3836,2687
3837,283
3838,4746
3839,1347
3840,229
3841,653
3842,4332
3843,3114
3844,2147
3845,1921
3846,2960
3847,3426
3848,3041
3849,4248
3850,4152
3851,2230
3852,2235
3853,766
3854,4653
3855,3671
3856,347
3857,3986
3858,1216
3859,2309
3860,4965
3861,4066
3862,2273
3863,493
3864,2777
3865,863
3866,1866
3867,1740
3868,3081
3869,2994
3870,4192
3871,1762
3872,3002
3873,1534
3874,438
3875,4638
3876,1686
3877,4880
3878,3533
3879,414
3880,1190
3881,3914
3882,4054
3883,4997
3884,1987
3885,137
3886,1882
3887,2252
3888,3762
3889,1452
3890,515
3891,310
3892,555
3893,176
3894,4878
3895,1833
3896,4876
3897,601
3898,3330
3899,1017
3900,223
3901,3146
3902,4203
3903,4600
3904,1774
3905,2172
3906,2660
3907,2417
3908,1150
3909,3423
3910,294
3911,4146
3912,2456
3913,121
3914,4509
3915,4573
3916,2941
3917,4161
3918,390
3919,4296
3920,4602
3921,1950
3922,4156
3923,813
3924,283
3925,3359
3926,1111
3927,1939
3928,3092
3929,1827
3930,3960
3931,517
3932,3060
3933,3405
3934,983
3935,2229
3936,4654
3937,4515
3938,535
3939,3979
3940,1607
3941,3477
3942,4521
3943,1445
3944,4495
3945,942
3946,4934
3947,1086
3948,2619
3949,2687
3950,4732
3951,4143
3952,2960
3953,1826
3954,4626
3955,86
3956,4350
3957,1141
3958,4982
3959,1826
3960,145
3961,3290
3962,1063
3963,3555
3964,1217
3965,2067
3966,3143
3967,3737
3968,894
3969,2482
3970,1348
3971,396
3972,1114
3973,601
3974,3285
3975,3054
3976,1561
3977,3564
3978,4224
3979,4825
3980,3027
3981,873
3982,4426
3983,786
3984,2503
3985,2334
3986,554
3987,2540
3988,3724
3989,765
3990,3237
3991,4838
3992,3556
3993,4094
3994,362
3995,115
3996,2570
3997,4124
3998,2847
3999,2572
4000,3942
4001,2385
4002,4859
4003,4363
4004,1051
4005,2619
4006,551
4007,4137
4008,4331
4009,2363
4010,2565
4011,3000
4012,1336
4013,1852
4014,674
4015,3415
4016,2138
4017,4536
4018,2514
4019,2496
4020,1556
4021,4121
4022,3569
4023,4978
4024,4247
4025,2680
4026,3696
4027,503
4028,178
4029,989
4030,3706
4031,1738
4032,2759
4033,3222
4034,1427
4035,2223
4036,4708
4037,2642
4038,2214
4039,2084
4040,2917
4041,3483
4042,2040
4043,2583
4044,3929
4045,1020
4046,3616
4047,1068
4048,2398
4049,1617
4050,3758
4051,3913
4052,2464
4053,4108
4054,3775
4055,748
4056,542
4057,192
4058,4606
4059,2690
4060,1632
4061,1613
4062,3753
4063,3843
4064,481
4065,3776
4066,3204
4067,726
4068,351
4069,1885
4070,4657
4071,1087
4072,3443
4073,152
4074,4696
4075,3810
4076,3060
4077,4730
4078,3456
4079,1357
4080,2504
4081,472
4082,4171
4083,929
4084,2002
4085,4206
4086,1238
4087,4351
4088,937
4089,4463
4090,4655
4091,2223
4092,3108
4093,2177
4094,282
4095,3518
4096,3982
4097,3259
4098,992
4099,2352
4100,207
4101,1581
4102,740
4103,3713
4104,3003
4105,2835
4106,687
4107,4707
4108,687
4109,3890
4110,1558
4111,1950
4112,4814
4113,1743
4114,2791
4115,2824
4116,3949
4117,1395
4118,365
4119,1897
4120,872
4121,1364
4122,251
4123,4714
4124,3808
4125,1838
4126,3560
4127,2542
4128,3868
4129,3030
4130,2986
4131,744
4132,2961
4133,3757
4134,1256
4135,4635
4136,979
4137,1227
4138,1142
4139,161
4140,1857
4141,1701
4142,3770
4143,449
4144,2782
4145,2821
4146,198
4147,827
4148,2982
4149,3473
4150,1324
4151,492
4152,3906
4153,4807
4154,3891
4155,3855
4156,2541
4157,3907
4158,2104
4159,1469
4160,249
4161,4583
4162,2151
4163,3766
4164,4097
4165,2249
4166,1936
4167,604
4168,4694
4169,1305
4170,4329
4171,4346
4172,1723
4173,1257
4174,1593
4175,4215
4176,1424
4177,3650
4178,4505
4179,2252
4180,2783
4181,4789
4182,4230
4183,3705
4184,2470
4185,3338
4186,356
4187,4436
4188,727
4189,2455
4190,4230
4191,3696
4192,4110
4193,4900
4194,2086
4195,293
4196,238
4197,3312
4198,3298
4199,179
4200,655
4201,1219
4202,4883
4203,2786
4204,2994
4205,1913
4206,269
4207,4105
4208,3087
4209,4168
4210,3863
4211,2328
4212,4251
4213,1067
4214,1156
4215,2515
4216,89
4217,4903
4218,2235
4219,3005
4220,2719
4221,2702
4222,3790
4223,4219
4224,4241
4225,535
4226,3228
4227,180
4228,1784
4229,2572
4230,4471
4231,4547
4232,1817
4233,2987
4234,1612
4235,2853
4236,4784
4237,2422
4238,84
4239,4908
4240,4978
4241,4421
4242,4403
4243,2537
4244,3966
4245,3967
4246,1453
4247,2058
4248,2679
4249,2239
4250,3185
4251,4822
4252,2510
4253,4925
4254,4973
4255,2329
4256,3930
4257,4260
4258,971
4259,326
4260,2477
4261,4469
4262,3643
4263,2422
4264,4284
4265,3551
4266,612
4267,492
4268,1956
4269,1924
4270,3604
4271,2323
4272,63
4273,560
4274,117
4275,2947
4276,580
4277,1300
4278,2468
4279,413
4280,2343
4281,3775
4282,4360
4283,1201
4284,4147
4285,484
4286,3816
4287,2640
4288,4343
4289,2326
4290,2740
4291,1485
4292,2257
4293,4530
4294,4769
4295,2827
4296,4986
4297,1852
4298,3768
4299,4967
4300,3553
4301,2751
4302,1563
4303,2153
4304,4988
4305,4211
4306,618
4307,3931
4308,502
4309,1326
4310,1702
4311,4857
4312,3303
4313,2647
4314,4232
4315,1634
4316,1658
4317,2906
4318,4019
4319,2579
4320,812
4321,1585
4322,773
4323,4908
4324,4245
4325,3646
4326,511
4327,3762
4328,3189
4329,4087
4330,816
4331,1355
4332,4555
4333,3425
4334,97
4335,1621
4336,4341
4337,1507
4338,2201
4339,2116
4340,1484
4341,1376
4342,4383
4343,3914
4344,1757
4345,2896
4346,2104
4347,4052
4348,4851
4349,3909
4350,1244
4351,914
4352,2786
4353,4491
4354,2507
4355,554
4356,3474
4357,1089
4358,1175
4359,3158
4360,1938
4361,3790
4362,1795
4363,3554
4364,3106
4365,1670
4366,1727
4367,4920
4368,61
4369,2650
4370,1558
4371,1763
4372,4304
4373,2269
4374,2728
4375,933
4376,4270
4377,4130
4378,3043
4379,3772
4380,3974
4381,4774
4382,3141
4383,2824
4384,3481
4385,2704
4386,1089
4387,1279
4388,3204
4389,1336
4390,4372
4391,3263
4392,100
4393,1654
4394,1281
4395,4564
4396,4802
4397,1744
4398,2045
4399,1230
4400,2920
4401,2121
4402,720
4403,4938
4404,618
4405,2386
4406,3274
4407,2701
4408,4774
4409,897
4410,4559
4411,2779
4412,3978
4413,210
4414,596
4415,499
4416,2965
4417,564
4418,2002
4419,2403
4420,3035
4421,4873
4422,4583
4423,994
4424,4103
4425,373
4426,4593
4427,2641
4428,3369
4429,1694
4430,3275
4431,1204
4432,3058
4433,122
4434,4171
4435,4727
4436,4168
4437,4087
4438,4546
4439,887
4440,3211
4441,1844
4442,2542
4443,849
4444,489
4445,1437
4446,3224
4447,4028
4448,2128
4449,3270
4450,754
4451,2937
4452,3376
4453,1299
4454,3658
4455,856
4456,4480
4457,2658
4458,4300
4459,1184
4460,3821
4461,1637
4462,2817
4463,1471
4464,3838
4465,1634
4466,4255
4467,3045
4468,4525
4469,4729
4470,425
4471,2764
4472,4889
4473,4573
4474,1950
4475,3273
4476,2825
4477,1788
4478,50
4479,785
4480,1366
4481,4555
4482,3082
4483,3018
4484,2091
4485,669
4486,1735
4487,3594
4488,3230
4489,316
4490,496
4491,1245
4492,4426
4493,2258
4494,2814
4495,4540
4496,3533
4497,3634
4498,2122
4499,950
4500,2475
4501,3659
4502,930
4503,4955
4504,1385
4505,364
4506,3683
4507,266
4508,1359
4509,86
4510,2801
4511,3540
4512,339
4513,3753
4514,3779
4515,1990
4516,453
4517,1383
4518,228
4519,3577
4520,895
4521,2557
4522,4561
4523,3252
4524,1191
4525,4954
4526,2916
4527,2888
4528,1913
4529,580
4530,2868
4531,1098
4532,1272
4533,202
4534,661
4535,3725
4536,2272
4537,842
4538,1003
4539,531
4540,1714
4541,3155
4542,447
4543,4311
4544,3529
4545,165
4546,592
4547,2763
4548,4836
4549,4485
4550,607
4551,3184
4552,3601
4553,1574
4554,1980
4555,1607
4556,1760
4557,1557
4558,4978
4559,3160
4560,3833
4561,3861
4562,1397
4563,3847
4564,4262
4565,3463
4566,3829
4567,878
4568,3374
4569,4626
4570,3334
4571,260
4572,3142
4573,2000
4574,3195
4575,1576
4576,4627
4577,718
4578,4934
4579,3608
4580,4870
4581,2605
4582,1744
4583,3821
4584,3188
4585,2866
4586,616
4587,1739
4588,3273
4589,2635
4590,133
4591,4506
4592,2311
4593,2335
4594,1276
4595,3576
4596,4391
4597,1143
4598,3681
4599,122
4600,1508
4601,4232
4602,2184
4603,2515
4604,4842
4605,4958
4606,601
4607,3228
4608,2247
4609,817
4610,263
4611,2624
4612,3412
4613,2604
4614,332
4615,2483
4616,2002
4617,2090
4618,4970
4619,2810
4620,4251
4621,4403
4622,2129
4623,1980
4624,4113
4625,3548
4626,2582
4627,992
4628,1929
4629,396
4630,356
4631,596
4632,2078
4633,1485
4634,1842
4635,4818
4636,2915
4637,4963
4638,3477
4639,550
4640,937
4641,4300
4642,4603
4643,3950
4644,2358
4645,4809
4646,3419
4647,1337
4648,2987
4649,3891
4650,3939
4651,3353
4652,2943
4653,2365
4654,1736
4655,2883
4656,3259
4657,1051
4658,926
4659,461
4660,1862
4661,344
4662,4700
4663,2684
4664,3923
4665,1839
4666,1187
4667,2523
4668,4422
4669,2796
4670,4048
4671,514
4672,4107
4673,1503
4674,3475
4675,57
4676,2558
4677,72
4678,3711
4679,3873
4680,62
4681,2234
4682,2452
4683,3556
4684,1261
4685,2144
4686,3960
4687,4310
4688,3494
4689,4131
4690,1180
4691,4162
4692,1857
4693,1542
4694,1165
4695,4258
4696,1033
4697,1587
4698,2997
4699,3331
4700,2733
4701,3673
4702,1029
4703,1505
4704,1184
4705,1536
4706,2482
4707,2962
4708,1425
4709,2165
4710,1374
4711,2585
4712,4419
4713,1427
4714,3642
4715,4170
4716,891
4717,2051
4718,3049
4719,449
4720,2637
4721,1629
4722,3346
4723,2635
4724,2226
4725,2704
4726,1205
4727,1615
4728,4571
4729,1458
4730,635
4731,3297
4732,3781
4733,2594
4734,4570
4735,3234
4736,4473
4737,3118
4738,4026
4739,3760
4740,4043
4741,2527
4742,522
4743,1334
4744,227
4745,2028
4746,1446
4747,1500
4748,982
4749,3693
4750,1623
4751,3677
4752,1859
4753,2045
4754,3023
4755,2725
4756,2840
4757,2517
4758,1191
4759,638
4760,149
4761,2351
4762,1843
4763,4767
4764,711
4765,1468
4766,4146
4767,775
4768,1559
4769,461
4770,3564
4771,475
4772,4774
4773,2280
4774,3501
4775,4542
4776,2116
4777,4306
4778,939
4779,2917
4780,3131
4781,454
4782,4808
4783,2975
4784,3193
4785,3075
4786,2231
4787,2593
4788,609
4789,537
4790,4144
4791,3287
4792,4738
4793,541
4794,1086
4795,3875
4796,1801
4797,143
4798,2695
4799,1336
4800,4497
4801,1996
4802,2719
4803,1790
4804,4508
4805,410
4806,1164
4807,2441
4808,3229
4809,923
4810,3443
4811,3214
4812,1058
4813,3021
4814,619
4815,4787
4816,4417
4817,2204
4818,3750
4819,2167
4820,3020
4821,4947
4822,1354
4823,1347
4824,1222
4825,1012
4826,2366
4827,903
4828,895
4829,3480
4830,3613
4831,543
4832,2151
4833,4931
4834,3776
4835,1645
4836,985
4837,1332
4838,1722
4839,4433
4840,3995
4841,3819
4842,1300
4843,3847
4844,802
4845,1903
4846,4956
4847,4627
4848,2963
4849,2355
4850,2017
4851,1602
4852,3785
4853,532
4854,2821
4855,3690
4856,949
4857,4323
4858,2167
4859,1129
4860,512
4861,641
4862,274
4863,338
4864,131
4865,4908
4866,2987
4867,289
4868,2974
4869,4604
4870,2704
4871,718
4872,1360
4873,3610
4874,195
4875,257
4876,3823
4877,3994
4878,1046
4879,2903
4880,615
4881,2164
4882,1924
4883,691
4884,4138
4885,4925
4886,4971
4887,2992
4888,438
4889,2244
4890,2389
4891,1270
4892,4108
4893,2235
4894,4490
4895,808
4896,822
4897,742
4898,1174
4899,1804
4900,3794
4901,1655
4902,219
4903,733
4904,4150
4905,1819
4906,4564
4907,4592
4908,616
4909,1961
4910,1727
4911,1249
4912,2335
4913,393
4914,4740
4915,3838
4916,1607
4917,3490
4918,3872
4919,3780
4920,2020
4921,4250
4922,1418
4923,2573
4924,70
4925,4069
4926,4627
4927,848
4928,2400
4929,3890
4930,2367
4931,265
4932,2028
4933,3280
4934,4768
4935,2311
4936,179
4937,511
4938,1486
4939,658
4940,4488
4941,3128
4942,1206
4943,2185
4944,2311
4945,513
4946,1801
4947,1822
4948,619
4949,727
4950,3781
4951,3723
4952,862
4953,3183
4954,649
4955,887
4956,956
4957,4914
4958,2478
4959,1736
4960,3050
4961,1757
4962,4444
4963,950
4964,4232
4965,2757
4966,1075
4967,61
4968,2386
4969,1062
4970,1058
4971,4074
4972,62
4973,1473
4974,3008
4975,1776
4976,428
4977,4477
4978,1657
4979,2919
4980,608
4981,3284
4982,3677
4983,250
4984,479
4985,2703
4986,96
4987,4720
4988,1532
4989,3756
4990,2659
4991,3134
4992,3190
4993,112
4994,4676
4995,2580
4996,4217
4997,4817
4998,2796
4999,3669
5000,4145
5001,4330
5002,3418
5003,3104
5004,838
5005,201
5006,2136
5007,3107
5008,1503
5009,3971
5010,3627
5011,4478
5012,198
5013,74
5014,3621
5015,4176
5016,1608
5017,172
5018,4201
5019,3640
5020,3525
5021,116
5022,2487
5023,2853
5024,2314
5025,1171
5026,1389
5027,1047
5028,1688
5029,4310
5030,4018
5031,4231
5032,4552
5033,4928
5034,2178
5035,2885
5036,165
5037,5000
5038,4533
5039,916
5040,4115
5041,695
5042,1440
5043,533
5044,3620
5045,3302
5046,3614
5047,1547
5048,769
5049,4742
5050,3029
5051,2167
5052,4764
5053,783
5054,556
5055,3618
5056,2388
5057,3535
5058,3877
5059,4043
5060,1278
5061,3043
5062,4279
5063,436
5064,567
5065,4797
5066,935
5067,111
5068,1895
5069,4745
5070,2428
5071,2255
5072,1204
5073,2246
5074,2880
5075,4696
5076,1249
5077,3243
5078,568
5079,1429
5080,1841
5081,1891
5082,1005
5083,349
5084,888
5085,3377
5086,1316
5087,664
5088,1137
5089,2347
5090,1127
5091,2261
5092,797
5093,3386
5094,3469
5095,3732
5096,2090
5097,4576
5098,3265
5099,3253
5100,2073
5101,3788
5102,3085
5103,2039
5104,78
5105,1156
5106,2490
5107,3103
5108,3527
5109,2867
5110,115
5111,3803
5112,1370
5113,1992
5114,3198
5115,3012
5116,1871
5117,2797
5118,2186
5119,2607
5120,2790
5121,4403
5122,2118
5123,1567
5124,2408
5125,350
5126,1812
5127,3474
5128,2454
5129,2091
5130,3816
5131,4310
5132,304
5133,4151
5134,1152
5135,849
5136,3915
5137,3863
5138,3709
5139,1996
5140,3471
5141,2042
5142,1060
5143,173
5144,1769
5145,2579
5146,4563
5147,2873
5148,4326
5149,3224
5150,1820
5151,232
5152,4506
5153,2835
5154,976
5155,4989
5156,1856
5157,1338
5158,2891
5159,3016
5160,3266
5161,2262
5162,681
5163,4012
5164,2597
5165,1039
5166,4906
5167,883
5168,4529
5169,4180
5170,1282
5171,126
5172,4876
5173,2719
5174,910
5175,3004
5176,600
5177,1169
5178,3349
5179,3325
5180,733
5181,4924
5182,2664
5183,1983
5184,3741
5185,1573
5186,298
5187,3661
5188,4267
5189,3898
5190,4488
5191,332
5192,3520
5193,4547
5194,4572
5195,2058
5196,3507
5197,3410
5198,4231
5199,2954
5200,2432
5201,1569
5202,3893
5203,1285
5204,2415
5205,1337
5206,4692
5207,2566
5208,506
5209,4084
5210,3276
5211,256
5212,717
5213,4918
5214,2709
5215,3186
5216,307
5217,1175
5218,4288
5219,3055
5220,2642
5221,4739
5222,3455
5223,4988
5224,2937
5225,2994
5226,86
5227,1877
5228,4031
5229,1244
5230,213
5231,4496
5232,1082
5233,369
5234,137
5235,455
5236,2670
5237,3508
5238,1642
5239,2216
5240,1499
5241,145
5242,338
5243,1003
5244,498
5245,1201
5246,748
5247,2770
5248,159
5249,850
5250,3261
5251,2946
5252,1046
5253,3781
5254,480
5255,4896
5256,3592
5257,3693
5258,3648
5259,3223
5260,4219
5261,4954
5262,3922
5263,214
5264,1624
5265,843
5266,302
5267,111
5268,4996
5269,2423
5270,4850
5271,4303
5272,1344
5273,1530
5274,3250
5275,3876
5276,701
5277,3210
5278,2020
5279,4281
5280,1711
5281,2403
5282,4016
5283,142
5284,207
5285,3539
5286,1282
5287,3200
5288,4599
5289,120
5290,81
5291,948
5292,3557
5293,1035
5294,3128
5295,3486
5296,3912
5297,4463
5298,231
5299,2943
5300,4359
5301,129
5302,4978
5303,2269
5304,4760
5305,2763
5306,143
5307,139
5308,2791
5309,3837
5310,842
5311,1508
5312,4793
5313,3837
5314,3274
5315,4703
5316,4412
5317,2135
5318,378
5319,1510
5320,3886
5321,794
5322,2730
5323,1973
5324,3691
5325,4735
5326,2601
5327,1622
5328,2426
5329,502
5330,1982
5331,3479
5332,1367
5333,662
5334,3075
5335,3277
5336,2201
5337,3308
5338,1450
5339,4211
5340,2601
5341,1555
5342,4703
5343,1947
5344,188
5345,2308
5346,997
5347,2651
5348,1049
5349,991
5350,2751
5351,4556
5352,2094
5353,830
5354,4541
5355,3879
5356,751
5357,633
5358,4828
5359,1203
5360,3598
5361,1779
5362,3136
5363,1152
5364,4423
5365,1857
5366,1538
5367,2448
5368,3316
5369,3556
5370,3244
5371,2053
5372,4258
5373,4680
5374,4401
5375,3804
5376,2065
5377,3037
5378,2200
5379,2359
5380,336
5381,2328
5382,3044
5383,3984
5384,3043
5385,698
5386,1127
5387,4331
5388,3689
5389,4092
5390,4809
5391,2186
5392,3451
5393,694
5394,4194
5395,901
5396,1192
5397,2982
5398,4643
5399,3132
5400,621
5401,701
5402,3045
5403,4103
5404,632
5405,2317
5406,2690
5407,4934
5408,4262
5409,705
5410,2163
5411,1582
5412,204
5413,4448
5414,1645
5415,1317
5416,2806
5417,3063
5418,3108
5419,3846
5420,1893
5421,896
5422,1165
5423,2536
5424,3191
5425,3431
5426,216
5427,3882
5428,792
5429,4206
5430,1221
5431,2597
5432,4677
5433,3837
5434,2442
5435,2161
5436,375
5437,1489
5438,2337
5439,1472
5440,2781
5441,3383
5442,3670
5443,1720
5444,4788
5445,1893
5446,2403
5447,1542
5448,4890
5449,1475
5450,4722
5451,4570
5452,3655
5453,4426
5454,493
5455,3400
5456,966
5457,723
5458,613
5459,3334
5460,2770
5461,3531
5462,2068
5463,2632
5464,2822
5465,485
5466,3074
5467,4727
5468,4666
5469,873
5470,1890
5471,3271
5472,4245
5473,1625
5474,2687
5475,2434
5476,1441
5477,4179
5478,1660
5479,3713
5480,4095
5481,2581
5482,2844
5483,4847
5484,3597
5485,4180
5486,2979
5487,1087
5488,4387
5489,3528
5490,4055
5491,3564
5492,2178
5493,857
5494,3780
5495,3353
5496,4886
5497,1721
5498,3126
5499,714
5500,4931
5501,423
5502,4066
5503,2603
5504,3695
5505,1286
5506,3039
5507,1031
5508,2055
5509,2531
5510,4119
5511,2935
5512,3774
5513,4019
5514,4261
5515,2489
5516,4896
5517,4270
5518,3168
5519,4550
5520,2012
5521,216
5522,4072
5523,190
5524,3092
5525,3565
5526,1109
5527,1595
5528,3149
5529,1704
5530,3593
5531,2374
5532,215
5533,2451
5534,637
5535,839
5536,4553
5537,1148
5538,3877
5539,123
5540,4229
5541,1328
5542,4185
5543,2695
5544,3711
5545,979
5546,4625
5547,1448
5548,2905
5549,1249
5550,2081
5551,2378
5552,3251
5553,1676
5554,1339
5555,2082
5556,947
5557,4151
5558,709
5559,1981
5560,4090
5561,1580
5562,2313
5563,3330
5564,2872
5565,1541
5566,1087
5567,4322
5568,463
5569,4537
5570,1175
5571,4728
5572,4051
5573,774
5574,3865
5575,3296
5576,779
5577,1446
5578,1357
5579,656
5580,1867
5581,741
5582,940
5583,2983
5584,1279
5585,2948
5586,3204
5587,4144
5588,2967
5589,3127
5590,2941
5591,1288
5592,1548
5593,4939
5594,3684
5595,1233
5596,1045
5597,575
5598,342
5599,4314
5600,4649
5601,608
5602,1634
5603,4958
5604,2523
5605,3305
5606,1200
5607,144
5608,2189
5609,905
5610,2028
5611,2803
5612,4539
5613,1862
5614,719
5615,1093
5616,666
5617,2300
5618,609
5619,1092
5620,4494
5621,4865
5622,2624
5623,2755
5624,495
5625,2345
5626,2754
5627,2418
5628,1338
5629,659
5630,2567
5631,778
5632,4027
5633,710
5634,4948
5635,1096
5636,2564
5637,3824
5638,1206
5639,4538
5640,3419
5641,2892
5642,2862
5643,1757
5644,2680
5645,3009
5646,2133
5647,982
5648,2883
5649,1941
5650,4939
5651,1424
5652,2591
5653,2444
5654,2772
5655,2868
5656,3436
5657,3748
5658,285
5659,4362
5660,3965
5661,542
5662,2757
5663,1950
5664,3920
5665,1359
5666,4282
5667,2532
5668,2417
5669,2470
5670,1603
5671,3088
5672,4764
5673,1618
5674,209
5675,4111
5676,782
5677,461
5678,3046
5679,723
5680,4743
5681,558
5682,984
5683,213
5684,2784
5685,3198
5686,1828
5687,2819
5688,2911
5689,4635
5690,3103
5691,3203
5692,1028
5693,368
5694,2911
5695,4545
5696,1086
5697,3930
5698,2234
5699,742
5700,3187
5701,3149
5702,1381
5703,2160
5704,1176
5705,559
5706,1821
5707,4157
5708,2970
5709,3599
5710,754
5711,2228
5712,4108
5713,948
5714,1657
5715,4174
5716,4267
5717,420
5718,3499
5719,2810
5720,3109
5721,1877
5722,4331
5723,4051
5724,95
5725,4386
5726,2962
5727,1529
5728,1289
5729,2900
5730,2227
5731,1277
5732,1204
5733,1100
5734,2025
5735,565
5736,3979
5737,4835
5738,1191
5739,1514
5740,3176
5741,3372
5742,3528
5743,2650
5744,1517
5745,4438
5746,4261
5747,3199
5748,4925
5749,938
5750,2774
5751,3427
5752,3689
5753,1958
5754,3265
5755,3538
5756,3812
5757,1304
5758,4805
5759,1522
5760,4319
5761,3026
5762,2369
5763,4466
5764,3357
5765,4544
5766,2364
5767,1897
5768,1123
5769,2774
5770,4723
5771,1572
5772,757
5773,2940
5774,2247
5775,1426
5776,3086
5777,2267
5778,1957
5779,1930
5780,2826
5781,3150
5782,705
5783,4468
5784,4329
5785,4564
5786,3322
5787,1533
5788,2112
5789,2004
5790,3541
5791,3228
5792,4081
5793,3740
5794,2016
5795,4671
5796,2150
5797,1041
5798,1325
5799,2528
5800,2402
5801,894
5802,661
5803,3136
5804,2242
5805,3256
5806,219
5807,1115
5808,2798
5809,151
5810,3691
5811,372
5812,90
5813,3784
5814,214
5815,3823
5816,2264
5817,3750
5818,1116
5819,2639
5820,4960
5821,2878
5822,160
5823,4873
5824,1412
5825,773
5826,759
5827,4318
5828,3560
5829,1562
5830,1513
5831,2551
5832,2784
5833,72
5834,408
5835,2277
5836,1778
5837,156
5838,3503
5839,469
5840,3494
5841,3478
5842,3497
5843,4358
5844,1226
5845,4187
5846,3196
5847,4569
5848,91
5849,3653
5850,3752
5851,3034
5852,1832
5853,408
5854,2655
5855,4681
5856,1543
5857,1724
5858,4295
5859,3595
5860,740
5861,3267
5862,3412
5863,334
5864,1776
5865,3844
5866,1857
5867,3447
5868,1948
5869,1341
5870,4821
5871,3754
5872,2570
5873,699
5874,3495
5875,3785
5876,212
5877,4290
5878,1350
5879,3023
5880,2969
5881,2271
5882,230
5883,3229
5884,3879
5885,433
5886,2384
5887,4028
5888,677
5889,3332
5890,711
5891,2017
5892,2208
5893,999
5894,4378
5895,4624
5896,2543
5897,4321
5898,782
5899,2490
5900,227
5901,4308
5902,4562
5903,3586
5904,4339
5905,4016
5906,1908
5907,345
5908,515
5909,3555
5910,4028
5911,1231
5912,2248
5913,4497
5914,3225
5915,2238
5916,4896
5917,1869
5918,218
5919,140
5920,3228
5921,1462
5922,1264
5923,891
5924,2403
5925,1399
5926,272
5927,1345
5928,1202
5929,4083
5930,4607
5931,2003
5932,1121
5933,71
5934,1768
5935,2288
5936,1939
5937,1662
5938,4613
5939,1254
5940,1054
5941,1812
5942,1645
5943,1294
5944,1453
5945,4138
5946,1846
5947,2739
5948,3351
5949,3916
5950,1376
5951,4040
5952,2321
5953,4605
5954,4900
5955,2557
5956,4018
5957,4094
5958,1089
5959,3923
5960,3450
5961,2547
5962,3145
5963,3716
5964,1330
5965,3487
5966,60
5967,2413
5968,3017
5969,1333
5970,2679
5971,1622
5972,4750
5973,4571
5974,3617
5975,4604
5976,2432
5977,3836
5978,2225
5979,1166
5980,4848
5981,1405
5982,2414
5983,2869
5984,4767
5985,3286
5986,1147
5987,1825
5988,4682
5989,4526
5990,127
5991,4471
5992,2823
5993,3185
5994,245
5995,848
5996,968
5997,4329
5998,1916
5999,3208
6000,4865
6001,3557
6002,4866
6003,1283
6004,4363
6005,4111
6006,281
6007,532
6008,1435
6009,1753
6010,3286
6011,1831
6012,846
6013,841
6014,2873
6015,4210
6016,1366
6017,3218
6018,3780
6019,2128
6020,2954
6021,1205
6022,4819
6023,4173
6024,575
6025,139
6026,4377
6027,4858
6028,3701
6029,3525
6030,1190
6031,404
6032,1887
6033,1237
6034,4282
6035,2608
6036,1435
6037,4762
6038,1590
6039,235
6040,4978
6041,1860
6042,597
6043,3953
6044,3204
6045,3087
6046,910
6047,779
6048,4505
6049,472
6050,267
6051,1126
6052,3054
6053,4797
6054,1748
6055,1894
6056,2592
6057,2583
6058,2130
6059,2331
6060,4075
6061,3637
6062,3974
6063,3055
6064,1830
6065,4913
6066,4959
6067,74
6068,3832
6069,102
6070,2775
6071,4555
6072,1519
6073,952
6074,795
6075,4633
6076,1446
6077,2417
6078,815
6079,4347
6080,307
6081,675
6082,2070
6083,1731
6084,3679
6085,646
6086,725
6087,1733
6088,121
6089,2663
6090,3266
6091,4312
6092,410
6093,320
6094,916
6095,311
6096,4734
6097,3618
6098,3851
6099,537
6100,2640
6101,2386
6102,3618
6103,2259
6104,4825
6105,1517
6106,3665
6107,219
6108,4007
6109,3306
6110,4613
6111,2281
6112,3586
6113,3010
6114,1125
6115,2907
6116,50
6117,1031
6118,3438
6119,2884
6120,2207
6121,591
6122,2551
6123,1564
6124,2376
6125,2868
6126,1379
6127,1948
6128,3608
6129,1516
6130,1364
6131,4382
6132,4060
6133,1832
6134,291
6135,3317
6136,4644
6137,2425
6138,4649
6139,2928
6140,3225
6141,2999
6142,4676
6143,2407
6144,1272
6145,2483
6146,4140
6147,3525
6148,2780
6149,2517
6150,2160
6151,697
6152,2837
6153,2393
6154,4961
6155,1295
6156,4941
6157,319
6158,2545
6159,3535
6160,4439
6161,4906
6162,2627
6163,195
6164,3744
6165,449
6166,2801
6167,2267
6168,4047
6169,1446
6170,1877
6171,272
6172,2369
6173,1808
6174,4785
6175,319
6176,64
6177,1185
6178,4831
6179,4793
6180,1634
6181,1480
6182,666
6183,4796
6184,1250
6185,1193
6186,1043
6187,3803
6188,4977
6189,2976
6190,3807
6191,703
6192,2303
6193,3018
6194,3232
6195,4396
6196,4763
6197,2467
6198,4861
6199,795
6200,1398
6201,2242
6202,4241
6203,660
6204,2914
6205,4830
6206,796
6207,85
6208,1628
6209,1575
6210,782
6211,439
6212,4865
6213,2715
6214,1363
6215,110
6216,885
6217,2146
6218,1504
6219,2945
6220,2156
6221,3021
6222,4539
6223,2289
6224,4658
6225,741
6226,4092
6227,924
6228,794
6229,1771
6230,2225
6231,2483
6232,3297
6233,914
6234,2792
6235,3180
6236,2279
6237,2470
6238,3840
6239,3039
6240,4923
6241,4987
6242,3791
6243,3263
6244,2513
6245,3839
6246,1387
6247,2995
6248,556
6249,1805
6250,2144
6251,91
6252,4594
6253,263
6254,2865
6255,2679
6256,712
6257,1397
6258,3773
6259,4226
6260,4708
6261,2880
6262,3061
6263,2423
6264,2565
6265,303
6266,337
6267,1504
6268,3956
6269,1601
6270,4374
6271,4714
6272,794
6273,113
6274,542
6275,165
6276,576
6277,792
6278,1169
6279,1110
6280,3931
6281,2366
6282,221
6283,3167
6284,1954
6285,4707
6286,3958
6287,1814
6288,3120
6289,3171
6290,1692
6291,1048
6292,345
6293,4118
6294,2537
6295,4076
6296,376
6297,3620
6298,1040
6299,2651
6300,1260
6301,4949
6302,1013
6303,4232
6304,3876
6305,444
6306,2168
6307,2789
6308,3829
6309,368
6310,631
6311,4057
6312,2865
6313,2690
6314,2847
6315,2315
6316,1928
6317,1663
6318,2037
6319,2696
6320,2798
6321,2363
6322,3773
6323,2034
6324,4837
6325,121
6326,3523
6327,699
6328,426
6329,4765
6330,4326
6331,816
6332,143
6333,3535
6334,1762
6335,2220
6336,546
6337,1032
6338,1461
6339,2592
6340,1951
6341,4302
6342,1845
6343,3991
6344,2706
6345,2245
6346,1719
6347,4959
6348,1010
6349,2648
6350,689
6351,1694
6352,1172
6353,1702
6354,260
6355,3687
6356,856
6357,2550
6358,597
6359,963
6360,3753
6361,3022
6362,1793
6363,3051
6364,1154
6365,4996
6366,4223
6367,2988
6368,791
6369,845
6370,921
6371,2224
6372,4643
6373,2679
6374,4010
6375,1572
6376,4059
6377,204
6378,1662
6379,2217
6380,284
6381,1351
6382,3980
6383,3104
6384,3956
6385,2027
6386,2382
6387,1686
6388,525
6389,2781
6390,1782
6391,3220
6392,3278
6393,2810
6394,557
6395,3878
6396,2277
6397,1661
6398,4587
6399,887
6400,2308
6401,2315
6402,3224
6403,165
6404,3396
6405,3198
6406,3089
6407,747
6408,3304
6409,2745
6410,4322
6411,1539
6412,324
6413,923
6414,1648
6415,2575
6416,2052
6417,3143
6418,2437
6419,1067
6420,2771
6421,2370
6422,2893
6423,3354
6424,2815
6425,250
6426,2536
6427,680
6428,2429
6429,317
6430,4474
6431,3099
6432,3768
6433,2654
6434,3112
6435,3916
6436,2456
6437,1430
6438,2865
6439,1738
6440,530
6441,4729
6442,3718
6443,2654
6444,4319
6445,3587
6446,59
6447,3293
6448,3334
6449,4648
6450,1175
6451,4966
6452,4510
6453,2815
6454,106
6455,2602
6456,1365
6457,2831
6458,2577
6459,2337
6460,4240
6461,204
6462,1086
6463,1447
6464,1173
6465,4439
6466,2046
6467,4126
6468,1193
6469,4196
6470,3469
6471,4888
6472,4479
6473,896
6474,1984
6475,4284
6476,3110
6477,2380
6478,1591
6479,635
6480,956
6481,4572
6482,2588
6483,3032
6484,3052
6485,3134
6486,727
6487,180
6488,3442
6489,3140
6490,3271
6491,4379
6492,1508
6493,1603
6494,691
6495,4389
6496,4099
6497,4147
6498,892
6499,3697
6500,4253
6501,3256
6502,2987
6503,2150
6504,3474
6505,2669
6506,1871
6507,1466
6508,1393
6509,2774
6510,1300
6511,3170
6512,2776
6513,457
6514,3058
6515,3969
6516,3641
6517,202
6518,1398
6519,3219
6520,122
6521,2575
6522,1940
6523,613
6524,3134
6525,3601
6526,122
6527,3998
6528,4638
6529,2254
6530,2465
6531,1792
6532,2907
6533,3387
6534,4596
6535,3170
6536,1227
6537,4949
6538,1142
6539,1620
6540,2518
6541,1582
6542,3695
6543,2448
6544,4303
6545,4206
6546,3742
6547,2602
6548,4430
6549,3503
6550,4451
6551,2930
6552,801
6553,588
6554,1649
6555,4598
6556,4946
6557,2987
6558,1565
6559,707
6560,4152
6561,931
6562,3226
6563,1062
6564,388
6565,3552
6566,889
6567,2599
6568,3693
6569,1119
6570,513
6571,4288
6572,4064
6573,1222
6574,3154
6575,3804
6576,2035
6577,2124
6578,534
6579,2115
6580,731
6581,1263
6582,4680
6583,2987
6584,1891
6585,598
6586,4072
6587,2290
6588,2111
6589,4285
6590,1765
6591,3637
6592,849
6593,2379
6594,204
6595,3337
6596,2236
6597,4208
6598,693
6599,3097
6600,1493
6601,2867
6602,3899
6603,82
6604,853
6605,2682
6606,1953
6607,2284
6608,4096
6609,958
6610,210
6611,2438
6612,2551
6613,2843
6614,3120
6615,3490
6616,2660
6617,3120
6618,198
6619,1396
6620,348
6621,2100
6622,2919
6623,420
6624,2044
6625,1087
6626,4178
6627,3857
6628,4256
6629,2494
6630,2558
6631,3834
6632,2002
6633,970
6634,3657
6635,240
6636,722
6637,1484
6638,632
6639,721
6640,3683
6641,629
6642,4741
6643,1757
6644,4015
6645,2574
6646,4429
6647,1099
6648,3238
6649,3212
6650,3489
6651,3720
6652,3998
6653,1070
6654,373
6655,877
6656,4924
6657,2519
6658,4435
6659,3782
6660,288
6661,3260
6662,1923
6663,2524
6664,1171
6665,3693
6666,2023
6667,2350
6668,1197
6669,4918
6670,191
6671,1341
6672,880
6673,4267
6674,1729
6675,1732
6676,621
6677,1330
6678,3885
6679,3224
6680,2934
6681,1064
6682,3613
6683,743
6684,4306
6685,231
6686,1008
6687,465
6688,4349
6689,4389
6690,2624
6691,2817
6692,2676
6693,1118
6694,4127
6695,2560
6696,4651
6697,3120
6698,3044
6699,514
6700,456
6701,3453
6702,115
6703,1305
6704,2654
6705,3653
6706,1131
6707,4261
6708,283
6709,2284
6710,3467
6711,1444
6712,3083
6713,2776
6714,2528
6715,3880
6716,2401
6717,4879
6718,1522
6719,1944
6720,1448
6721,2781
6722,4265
6723,2491
6724,951
6725,4277
6726,4608
6727,4336
6728,4377
6729,4998
6730,1697
6731,2145
6732,145
6733,2844
6734,3437
6735,3757
6736,1790
6737,1509
6738,3688
6739,2705
6740,2486
6741,3735
6742,2421
6743,2830
6744,3829
6745,1132
6746,4138
6747,1705
6748,1383
6749,4059
6750,4949
6751,3965
6752,3721
6753,4042
6754,369
6755,277
6756,3384
6757,4740
6758,720
6759,326
6760,3598
6761,2634
6762,4379
6763,4446
6764,3613
6765,1744
6766,3913
6767,4973
6768,4477
6769,738
6770,1588
6771,3217
6772,4670
6773,782
6774,4036
6775,4721
6776,3307
6777,2430
6778,4456
6779,3391
6780,3488
6781,2571
6782,1800
6783,3809
6784,1695
6785,2156
6786,2587
6787,2112
6788,3601
6789,3502
6790,4311
6791,3730
6792,4293
6793,2426
6794,189
6795,1478
6796,2316
6797,3237
6798,627
6799,3171
6800,4978
6801,4260
6802,66
6803,4182
6804,650
6805,2490
6806,1726
6807,386
6808,1400
6809,1780
6810,750
6811,1623
6812,3459
6813,3225
6814,4813
6815,1229
6816,3873
6817,4208
6818,782
6819,1162
6820,3795
6821,3563
6822,442
6823,3204
6824,3835
6825,2591
6826,659
6827,4023
6828,1412
6829,1973
6830,451
6831,2380
6832,3319
6833,4828
6834,1225
6835,4270
6836,4284
6837,1678
6838,1733
6839,3246
6840,1435
6841,2184
6842,774
6843,4887
6844,2213
6845,1040
6846,3351
6847,2156
6848,1358
6849,112
6850,3744
6851,2834
6852,1780
6853,1467
6854,4001
6855,736
6856,2787
6857,649
6858,811
6859,4156
6860,1258
6861,492
6862,3978
6863,623
6864,4853
6865,1014
6866,2767
6867,1466
6868,200
6869,4315
6870,2910
6871,1047
6872,2770
6873,2586
6874,228
6875,268
6876,3947
6877,3256
6878,474
6879,4669
6880,301
6881,4188
6882,2634
6883,3468
6884,954
6885,3483
6886,1539
6887,3040
6888,316
6889,3956
6890,4364
6891,193
6892,4750
6893,4334
6894,1848
6895,3438
6896,3080
6897,3335
6898,969
6899,1001
6900,2549
6901,2181
6902,509
6903,3614
6904,2280
6905,3535
6906,2147
6907,1726
6908,2339
6909,4968
6910,756
6911,251
6912,4414
6913,3169
6914,426
6915,2696
6916,4831
6917,543
6918,1358
6919,1352
6920,1812
6921,4202
6922,3628
6923,4253
6924,1749
6925,4060
6926,2397
6927,429
6928,385
6929,3322
6930,918
6931,251
6932,3059
6933,3631
6934,4916
6935,4205
6936,4684
6937,502
6938,1807
6939,3921
6940,4227
6941,3437
6942,1705
6943,2680
6944,2666
6945,685
6946,4824
6947,1713
6948,841
6949,399
6950,3119
6951,1869
6952,3669
6953,1556
6954,690
6955,2255
6956,151
6957,1045
6958,4297
6959,1161
6960,2270
6961,976
6962,2533
6963,2341
6964,2190
6965,4730
6966,3601
6967,3846
6968,209
6969,1202
6970,4309
6971,3988
6972,2556
6973,4960
6974,4195
6975,620
6976,1271
6977,4309
6978,911
6979,1542
6980,3355
6981,3919
6982,4722
6983,2071
6984,496
6985,1061
6986,2511
6987,4634
6988,4116
6989,4569
6990,241
6991,754
6992,466
6993,1047
6994,834
6995,2683
6996,3703
6997,3011
6998,4359
6999,4492
7000,2192
7001,77
7002,3326
7003,3611
7004,4169
7005,608
7006,2036
7007,2326
7008,1317
7009,2841
7010,4994
7011,4355
7012,2005
7013,3493
7014,2447
7015,1865
7016,4134
7017,1191
7018,2306
7019,4823
7020,2168
7021,3211
7022,4089
7023,434
7024,1694
7025,1503
7026,2886
7027,2208
7028,482
7029,2272
7030,4120
7031,2339
7032,1655
7033,239
7034,4887
7035,1507
7036,2151
7037,505
7038,4397
7039,4969
7040,4803
7041,929
7042,4678
7043,299
7044,2340
7045,1499
7046,1622
7047,2836
7048,4731
7049,1511
7050,2023
7051,2500
7052,3590
7053,2136
7054,649
7055,4550
7056,3753
7057,3205
7058,4907
7059,3932
7060,1467
7061,3952
7062,4176
7063,2903
7064,3167
7065,898
7066,213
7067,3950
7068,743
7069,4919
7070,4648
7071,3567
7072,4855
7073,1763
7074,3540
7075,3787
7076,4214
7077,4424
7078,2426
7079,4095
7080,3455
7081,1298
7082,3608
7083,1425
7084,3639
7085,262
7086,242
7087,4460
7088,2418
7089,3606
7090,2121
7091,3241
7092,3256
7093,4131
7094,275
7095,2411
7096,707
7097,1732
7098,2890
7099,785
7100,4516
7101,445
7102,600
7103,2518
7104,1796
7105,3619
7106,4180
7107,4075
7108,2386
7109,3812
7110,3573
7111,4051
7112,1290
7113,3258
7114,2784
7115,1104
7116,2937
7117,675
7118,3192
7119,2796
7120,2041
7121,4473
7122,57
7123,1081
7124,1515
7125,1912
7126,2564
7127,291
7128,2068
7129,3364
7130,1925
7131,113
7132,132
7133,487
7134,4866
7135,1766
7136,3920
7137,70
7138,4377
7139,1087
7140,292
7141,4558
7142,3252
7143,1309
7144,4238
7145,3543
7146,3459
7147,2201
7148,1785
7149,4436
7150,2823
7151,1648
7152,2109
7153,2091
7154,3362
7155,324
7156,1032
7157,2060
7158,918
7159,2659
7160,984
7161,3091
7162,2265
7163,651
7164,3929
7165,758
7166,3726
7167,324
7168,3918
7169,2688
7170,2454
7171,880
7172,1421
7173,686
7174,208
7175,2627
7176,2577
7177,1655
7178,896
7179,2801
7180,79
7181,4630
7182,4065
7183,2643
7184,642
7185,4408
7186,1764
7187,521
7188,766
7189,4678
7190,375
7191,1227
7192,1167
7193,1795
7194,923
7195,1810
7196,1324
7197,1717
7198,760
7199,1717
7200,4181
7201,929
7202,3017
7203,4899
7204,4748
7205,3997
7206,1013
7207,1136
7208,2421
7209,1240
7210,2924
7211,1386
7212,3335
7213,4416
7214,4294
7215,4845
7216,3752
7217,3569
7218,2637
7219,2665
7220,2337
7221,56
7222,1359
7223,4943
7224,3824
7225,370
7226,3822
7227,1889
7228,2040
7229,1662
7230,2675
7231,346
7232,953
7233,3568
7234,932
7235,4849
7236,2769
7237,1583
7238,724
7239,1183
7240,2865
7241,2347
7242,1978
7243,3280
7244,3417
7245,2827
7246,3120
7247,3982
7248,1468
7249,1136
7250,4849
7251,1778
7252,2527
7253,3867
7254,206
7255,856
7256,2570
7257,3262
7258,2907
7259,4521
7260,589
7261,4744
7262,810
7263,3164
7264,4725
7265,4789
7266,2961
7267,1252
7268,582
7269,1543
7270,3637
7271,4180
7272,922
7273,1456
7274,1586
7275,3328
7276,853
7277,4492
7278,2295
7279,2080
7280,2170
7281,1839
7282,651
7283,342
7284,598
7285,923
7286,742
7287,552
7288,3527
7289,3452
7290,3274
7291,125
7292,3672
7293,172
7294,2737
7295,2184
7296,3366
7297,3449
7298,4049
7299,4587
7300,4679
7301,2345
7302,2114
7303,3263
7304,1868
7305,2774
7306,4309
7307,662
7308,3099
7309,3528
7310,2320
7311,4838
7312,4326
7313,78
7314,2095
7315,3725
7316,2631
7317,526
7318,1894
7319,3042
7320,4054
7321,4713
7322,732
7323,739
7324,1353
7325,322
7326,4316
7327,3314
7328,3677
7329,3400
7330,3241
7331,2761
7332,1799
7333,211
7334,2542
7335,2617
7336,3276
7337,2364
7338,3934
7339,4184
7340,2779
7341,2636
7342,4905
7343,1900
7344,4387
7345,468
7346,685
7347,353
7348,3792
7349,422
7350,4171
7351,266
7352,1135
7353,2171
7354,4978
7355,1327
7356,1936
7357,838
7358,2514
7359,4347
7360,4935
7361,816
7362,3913
7363,1344
7364,1572
7365,3729
7366,3096
7367,1118
7368,538
7369,1603
7370,913
7371,486
7372,631
7373,2474
7374,3883
7375,4162
7376,3619
7377,2701
7378,351
7379,2936
7380,4027
7381,3980
7382,4007
7383,4329
7384,2515
7385,2333
7386,808
7387,1148
7388,1584
7389,4578
7390,748
7391,2229
7392,1666
7393,4342
7394,1207
7395,3631
7396,1182
7397,1590
7398,4547
7399,1878
7400,3735
7401,629
7402,3877
7403,4473
7404,4386
7405,3707
7406,4214
7407,905
7408,2979
7409,781
7410,1029
7411,3231
7412,3043
7413,3867
7414,694
7415,3628
7416,1035
7417,3353
7418,84
7419,4366
7420,3281
7421,2756
7422,1097
7423,4950
7424,911
7425,3982
7426,3209
7427,3204
7428,3512
7429,1433
7430,4880
7431,2618
7432,4895
7433,3745
7434,4371
7435,537
7436,3701
7437,1088
7438,1138
7439,4032
7440,4379
7441,1678
7442,1261
7443,2435
7444,4461
7445,2446
7446,631
7447,293
7448,4723
7449,1447
7450,1424
7451,3180
7452,4399
7453,248
7454,3674
7455,2476
7456,2435
7457,4853
7458,2381
7459,4623
7460,126
7461,4321
7462,106
7463,3936
7464,737
7465,3130
7466,4479
7467,4848
7468,1601
7469,2460
7470,3963
7471,1866
7472,4803
7473,4480
7474,700
7475,191
7476,708
7477,4238
7478,4415
7479,1301
7480,427
7481,2239
7482,1664
7483,3884
7484,4377
7485,2956
7486,656
7487,2584
7488,4352
7489,1134
7490,1223
7491,3309
7492,3202
7493,2559
7494,830
7495,3640
7496,3024
7497,3108
7498,3388
7499,1161
7500,1108
7501,3786
7502,2027
7503,2625
7504,2226
7505,1010
7506,4991
7507,4148
7508,325
7509,3424
7510,3632
7511,1070
7512,1066
7513,1690
7514,1588
7515,2430
7516,3193
7517,2359
7518,2304
7519,681
7520,1707
7521,4951
7522,4085
7523,232
7524,4951
7525,2430
7526,4994
7527,3531
7528,4819
7529,2876
7530,255
7531,1863
7532,433
7533,1051
7534,1958
7535,4949
7536,3291
7537,1318
7538,3004
7539,1397
7540,4533
7541,3859
7542,1296
7543,3897
7544,3873
7545,3758
7546,2568
7547,1530
7548,3905
7549,4900
7550,3787
7551,931
7552,2535
7553,4706
7554,938
7555,4351
7556,2533
7557,1181
7558,4865
7559,2574
7560,2025
7561,4293
7562,363
7563,3165
7564,1426
7565,978
7566,243
7567,2742
7568,1091
7569,2099
7570,4536
7571,410
7572,4666
7573,4093
7574,3414
7575,3245
7576,4028
7577,4955
7578,2807
7579,2656
7580,2223
7581,3003
7582,2827
7583,606
7584,2532
7585,1193
7586,229
7587,1520
7588,4932
7589,2257
7590,1733
7591,4630
7592,1563
7593,4039
7594,74
7595,4026
7596,3634
7597,1290
7598,3570
7599,3316
7600,1564
7601,365
7602,450
7603,1902
7604,4793
7605,765
7606,3862
7607,4415
7608,775
7609,2567
7610,2926
7611,3310
7612,1282
7613,166
7614,4914
7615,1650
7616,4310
7617,1571
7618,3987
7619,4629
7620,4792
7621,284
7622,2811
7623,1467
7624,3345
7625,1497
7626,3525
7627,2631
7628,903
7629,467
7630,2070
7631,399
7632,986
7633,3729
7634,3325
7635,4083
7636,3192
7637,4199
7638,3782
7639,4098
7640,3272
7641,4301
7642,4093
7643,3668
7644,2810
7645,3394
7646,132
7647,3243
7648,1509
7649,1237
7650,2476
7651,3975
7652,1956
7653,830
7654,4619
7655,2264
7656,3304
7657,277
7658,4682
7659,1483
7660,2796
7661,4920
7662,1687
7663,4770
7664,1068
7665,945
7666,459
7667,2618
7668,713
7669,2063
7670,3067
7671,3467
7672,4742
7673,974
7674,3300
7675,1511
7676,1636
7677,2864
7678,2152
7679,2841
7680,3266
7681,2827
7682,1644
7683,1213
7684,3238
7685,4507
7686,1802
7687,2323
7688,4488
7689,1614
7690,4460
7691,4200
7692,4128
7693,414
7694,936
7695,1243
7696,134
7697,2530
7698,236
7699,3794
7700,3248
7701,1238
7702,848
7703,2324
7704,2713
7705,2457
7706,4092
7707,4063
7708,2572
7709,1700
7710,4332
7711,775
7712,4267
7713,3550
7714,427
7715,4243
7716,442
7717,2250
7718,3515
7719,4333
7720,3436
7721,673
7722,386
7723,2526
7724,90
7725,2068
7726,2688
7727,2932
7728,4330
7729,2809
7730,2394
7731,713
7732,2231
7733,1241
7734,578
7735,4375
7736,169
7737,4658
7738,3648
7739,4079
7740,738
7741,1384
7742,3747
7743,3060
7744,3606
7745,3650
7746,3049
7747,3375
7748,3111
7749,736
7750,1376
7751,261
7752,2535
7753,1028
7754,472
7755,4080
7756,2696
7757,4089
7758,3415
7759,1018
7760,4922
7761,3947
7762,1543
7763,1470
7764,1272
7765,1542
7766,3998
7767,360
7768,1530
7769,4480
7770,4861
7771,4735
7772,4145
7773,830
7774,428
7775,4179
7776,4678
7777,2649
7778,80
7779,2184
7780,1329
7781,2458
7782,2017
7783,4189
7784,3236
7785,2493
7786,312
7787,1838
7788,3987
7789,4589
7790,4333
7791,1236
7792,1250
7793,1987
7794,2298
7795,2935
7796,424
7797,523
7798,3204
7799,4706
7800,299
7801,521
7802,3202
7803,4107
7804,1433
7805,4665
7806,3884
7807,2534
7808,2659
7809,346
7810,3575
7811,2648
7812,4547
7813,1246
7814,1811
7815,1923
7816,3297
7817,2310
7818,3764
7819,2565
7820,59
7821,611
7822,2467
7823,4430
7824,1131
7825,3507
7826,3157
7827,151
7828,2104
7829,3166
7830,446
7831,4166
7832,2304
7833,3773
7834,2964
7835,4551
7836,4125
7837,3148
7838,4402
7839,2845
7840,3370
7841,2616
7842,110
7843,2788
7844,3160
7845,396
7846,4240
7847,2320
7848,2138
7849,2451
7850,4536
7851,585
7852,4149
7853,4856
7854,4673
7855,2375
7856,4634
7857,678
7858,4768
7859,4994
7860,264
7861,3281
7862,3555
7863,3905
7864,3373
7865,1902
7866,1585
7867,2389
7868,2454
7869,3334
7870,1188
7871,1727
7872,3944
7873,1626
7874,4369
7875,271
7876,4192
7877,3443
7878,1653
7879,4795
7880,4902
7881,125
7882,2477
7883,3066
7884,2114
7885,2543
7886,4317
7887,3153
7888,4727
7889,3176
7890,1752
7891,4871
7892,2366
7893,1912
7894,3961
7895,2443
7896,2674
7897,2653
7898,4904
7899,3712
7900,4612
7901,1531
7902,50
7903,4374
7904,2472
7905,3014
7906,3898
7907,421
7908,2622
7909,188
7910,649
7911,2840
7912,540
7913,3843
7914,1939
7915,4113
7916,1000
7917,883
7918,1532
7919,1914
7920,1350
7921,657
7922,1499
7923,603
7924,245
7925,3507
7926,2920
7927,1713
7928,374
7929,3682
7930,4525
7931,3115
7932,525
7933,1713
7934,3902
7935,3846
7936,199
7937,3882
7938,690
7939,2120
7940,4998
7941,1863
7942,2418
7943,3617
7944,2307
7945,4215
7946,4237
7947,330
7948,2418
7949,2402
7950,3718
7951,2909
7952,981
7953,1435
7954,1907
7955,4615
7956,1838
7957,4541
7958,3375
7959,4020
7960,3310
7961,3591
7962,285
7963,498
7964,1199
7965,1934
7966,1310
7967,3028
7968,1707
7969,3841
7970,4278
7971,4294
7972,3964
7973,3751
7974,508
7975,2316
7976,273
7977,4613
7978,1540
7979,4864
7980,391
7981,1521
7982,3656
7983,3703
7984,1916
7985,4777
7986,345
7987,1906
7988,1279
7989,3754
7990,4654
7991,4070
7992,4918
7993,1247
7994,4855
7995,547
7996,3102
7997,1921
7998,3702
7999,1008
8000,4079
8001,2687
8002,635
8003,620
8004,4558
8005,1309
8006,740
8007,4789
8008,927
8009,4572
8010,483
8011,2864
8012,820
8013,3392
8014,2964
8015,1667
8016,1366
8017,758
8018,650
8019,1072
8020,1794
8021,3625
8022,2453
8023,2382
8024,546
8025,2778
8026,2146
8027,4743
8028,1952
8029,2303
8030,4348
8031,3749
8032,258
8033,1441
8034,807
8035,1839
8036,697
8037,3154
8038,980
8039,4476
8040,1157
8041,1587
8042,2255
8043,4134
8044,2689
8045,869
8046,3120
8047,4126
8048,1398
8049,3935
8050,704
8051,3751
8052,3602
8053,2042
8054,4884
8055,1554
8056,3827
8057,299
8058,3747
8059,3840
8060,4088
8061,643
8062,2098
8063,599
8064,2556
8065,1620
8066,1534
8067,961
8068,4517
8069,4449
8070,698
8071,2597
8072,1976
8073,1467
8074,2668
8075,739
8076,2371
8077,2869
8078,3482
8079,1802
8080,3540
8081,4367
8082,3670
8083,1930
8084,1466
8085,2946
8086,4694
8087,466
8088,1609
8089,373
8090,164
8091,3996
8092,2348
8093,4619
8094,1721
8095,3083
8096,1250
8097,3518
8098,3156
8099,4555
8100,1613
8101,4866
8102,2478
8103,4838
8104,2771
8105,1358
8106,1791
8107,4190
8108,3971
8109,3707
8110,173
8111,1807
8112,1306
8113,4154
8114,941
8115,4489
8116,3114
8117,3614
8118,1362
8119,1461
8120,1945
8121,3449
8122,3080
8123,2756
8124,4019
8125,4737
8126,3962
8127,3214
8128,3626
8129,1231
8130,355
8131,1500
8132,173
8133,3605
8134,4026
8135,2540
8136,1191
8137,4155
8138,1691
8139,4781
8140,835
8141,3439
8142,1443
8143,162
8144,1340
8145,3739
8146,2156
8147,2114
8148,2743
8149,1303
8150,4053
8151,3255
8152,4973
8153,2855
8154,3354
8155,2694
8156,3259
8157,3671
8158,4966
8159,106
8160,3661
8161,2073
8162,1021
8163,97
8164,2724
8165,4865
8166,2792
8167,3643
8168,1105
8169,2407
8170,4895
8171,2286
8172,4162
8173,111
8174,3974
8175,3293
8176,2563
8177,1364
8178,1721
8179,1610
8180,3780
8181,3295
8182,2202
8183,4144
8184,2730
8185,4011
8186,2111
8187,2373
8188,706
8189,3127
8190,4444
8191,1378
8192,3834
8193,351
8194,3177
8195,1087
8196,2490
8197,2350
8198,2895
8199,1337
8200,1794
8201,958
8202,2861
8203,2589
8204,1478
8205,3591
8206,4227
8207,2560
8208,1904
8209,3029
8210,1496
8211,349
8212,2281
8213,428
8214,4614
8215,2184
8216,1944
8217,4631
8218,3177
8219,1362
8220,1812
8221,667
8222,2054
8223,4620
8224,2434
8225,1451
8226,565
8227,2282
8228,3141
8229,1584
8230,4816
8231,4577
8232,2571
8233,1651
8234,1163
8235,2958
8236,1202
8237,4483
8238,4871
8239,908
8240,2832
8241,4062
8242,4616
8243,3692
8244,4757
8245,2433
8246,971
8247,613
8248,3091
8249,1168
8250,4123
8251,3820
8252,200
8253,58
8254,781
8255,2168
8256,500
8257,931
8258,3000
8259,1550
8260,593
8261,1513
8262,1302
8263,2195
8264,2913
8265,2833
8266,434
8267,3293
8268,2964
8269,1306
8270,1553
8271,4923
8272,418
8273,2730
8274,2718
8275,1427
8276,3231
8277,3948
8278,736
8279,2988
8280,3238
8281,3811
8282,4299
8283,618
8284,1430
8285,3424
8286,907
8287,3194
8288,4013
8289,3118
8290,3869
8291,1277
8292,1465
8293,4955
8294,89
8295,1503
8296,2488
8297,3980
8298,569
8299,672
8300,1498
8301,1641
8302,919
8303,1738
8304,3095
8305,965
8306,3003
8307,715
8308,4801
8309,2701
8310,501
8311,4784
8312,4163
8313,4259
8314,3982
8315,3233
8316,1376
8317,4826
8318,4228
8319,3761
8320,1117
8321,4670
8322,3463
8323,2636
8324,4718
8325,1581
8326,284
8327,2855
8328,2617
8329,2317
8330,2709
8331,799
8332,872
8333,678
8334,3163
8335,1187
8336,933
8337,3752
8338,4969
8339,1928
8340,2398
8341,1893
8342,1578
8343,3045
8344,224
8345,3308
8346,975
8347,3524
8348,1625
8349,2750
8350,384
8351,4965
8352,189
8353,4178
8354,2932
8355,730
8356,2107
8357,3743
8358,3961
8359,1138
8360,538
8361,219
8362,1963
8363,95
8364,1615
8365,1689
8366,146
8367,2192
8368,4047
8369,4065
8370,876
8371,4892
8372,1420
8373,3958
8374,64
8375,3688
8376,1110
8377,2443
8378,1954
8379,1384
8380,3779
8381,676
8382,2255
8383,3198
8384,3963
8385,2632
8386,2277
8387,1697
8388,878
8389,2884
8390,1722
8391,2069
8392,1071
8393,1265
8394,2491
8395,4280
8396,1540
8397,3012
8398,2477
8399,3489
8400,2586
8401,1872
8402,1827
8403,192
8404,4143
8405,346
8406,4893
8407,3736
8408,351
8409,2245
8410,2093
8411,2675
8412,2938
8413,743
8414,4884
8415,1942
8416,4953
8417,2515
8418,1330
8419,1630
8420,4214
8421,4163
8422,1339
8423,2077
8424,2329
8425,1684
8426,4218
8427,4126
8428,4863
8429,4747
8430,2148
8431,3892
8432,3133
8433,1297
8434,2132
8435,1837
8436,3429
8437,652
8438,3421
8439,4497
8440,1999
8441,3491
8442,4049
8443,4192
8444,1994
8445,3358
8446,2560
8447,3057
8448,2699
8449,2979
8450,1387
8451,1535
8452,4472
8453,1681
8454,4011
8455,3133
8456,2366
8457,3381
8458,4683
8459,4548
8460,469
8461,4103
8462,750
8463,3545
8464,270
8465,2810
8466,575
8467,1694
8468,1408
8469,4829
8470,4803
8471,485
8472,2637
8473,3895
8474,4396
8475,4546
8476,810
8477,3890
8478,4350
8479,3506
8480,1031
8481,3725
8482,3480
8483,1502
8484,1599
8485,4197
8486,3336
8487,4449
8488,4196
8489,2144
8490,3719
8491,297
8492,843
8493,2992
8494,1057
8495,4517
8496,4938
8497,4525
8498,1814
8499,4008
8500,3586
8501,919
8502,1543
8503,2666
8504,761
8505,235
8506,2571
8507,3799
8508,4539
8509,4024
8510,742
8511,689
8512,1063
8513,2335
8514,3969
8515,2448
8516,1079
8517,1097
8518,4137
8519,1300
8520,3205
8521,1060
8522,2163
8523,881
8524,3425
8525,2363
8526,4913
8527,470
8528,84
8529,4912
8530,4120
8531,2757
8532,3534
8533,2730
8534,1905
8535,3016
8536,3302
8537,3619
8538,4648
8539,499
8540,432
8541,2043
8542,622
8543,1602
8544,2743
8545,3120
8546,2267
8547,1191
8548,3220
8549,1033
8550,1193
8551,2928
8552,2043
8553,753
8554,3035
8555,685
8556,3032
8557,3456
8558,4675
8559,2281
8560,337
8561,2163
8562,4339
8563,2499
8564,2753
8565,2646
8566,1553
8567,3161
8568,4887
8569,1462
8570,4129
8571,1275
8572,1662
8573,2098
8574,1821
8575,1872
8576,3790
8577,3137
8578,2897
8579,4311
8580,2539
8581,478
8582,4631
8583,796
8584,2660
8585,2926
8586,4848
8587,2814
8588,4208
8589,2791
8590,1748
8591,397
8592,2566
8593,3377
8594,2170
8595,1975
8596,4620
8597,1951
8598,649
8599,2704
8600,4877
8601,1285
8602,2941
8603,1011
8604,4720
8605,2381
8606,230
8607,4959
8608,4895
8609,1334
8610,3630
8611,2971
8612,4183
8613,831
8614,101
8615,3779
8616,1789
8617,3996
8618,3485
8619,3644
8620,4102
8621,3126
8622,3017
8623,1099
8624,564
8625,646
8626,4856
8627,1598
8628,4201
8629,3665
8630,4154
8631,4454
8632,2176
8633,1309
8634,4864
8635,2440
8636,4246
8637,4622
8638,2998
8639,1920
8640,3510
8641,1994
8642,3926
8643,2535
8644,1055
8645,3915
8646,4349
8647,4693
8648,2406
8649,4146
8650,3393
8651,1958
8652,2432
8653,4786
8654,503
8655,2333
8656,3290
8657,3210
8658,1676
8659,950
8660,4429
8661,135
8662,3310
8663,714
8664,2752
8665,3175
8666,2734
8667,4418
8668,2256
8669,2192
8670,1447
8671,3002
8672,1835
8673,2737
8674,2642
8675,1590
8676,1845
8677,470
8678,4826
8679,1797
8680,880
8681,2278
8682,724
8683,1644
8684,4045
8685,172
8686,3229
8687,1132
8688,1411
8689,527
8690,1179
8691,4462
8692,3634
8693,1446
8694,254
8695,2555
8696,205
8697,2463
8698,4826
8699,583
8700,4784
8701,2684
8702,3864
8703,1895
8704,3155
8705,3745
8706,2251
8707,3532
8708,1014
8709,4786
8710,293
8711,1909
8712,647
8713,2931
8714,4433
8715,3954
8716,622
8717,3012
8718,4101
8719,3473
8720,4380
8721,4576
8722,4158
8723,1699
8724,460
8725,2518
8726,300
8727,4868
8728,815
8729,4411
8730,4605
8731,3960
8732,3646
8733,2378
8734,1581
8735,350
8736,70
8737,1211
8738,1556
8739,2487
8740,3495
8741,4729
8742,1013
8743,908
8744,3036
8745,3000
8746,3110
8747,4226
8748,4412
8749,2293
8750,92
8751,2779
8752,3206
8753,540
8754,1235
8755,3381
8756,795
8757,3082
8758,2648
8759,4747
8760,3908
8761,1314
8762,501
8763,1267
8764,2710
8765,2060
8766,4068
8767,4085
8768,816
8769,2543
8770,1057
8771,1109
8772,1483
8773,3405
8774,3893
8775,2104
8776,4704
8777,2911
8778,1330
8779,1175
8780,2705
8781,882
8782,511
8783,3017
8784,703
8785,998
8786,846
8787,3005
8788,4462
8789,4168
8790,3095
8791,3307
8792,562
8793,3173
8794,667
8795,2173
8796,3577
8797,2873
8798,3437
8799,3785
8800,2755
8801,1580
8802,2806
8803,3638
8804,2659
8805,3683
8806,1711
8807,1345
8808,1849
8809,4856
8810,4263
8811,795
8812,1262
8813,3405
8814,3178
8815,981
8816,615
8817,1551
8818,965
8819,3056
8820,3031
8821,2215
8822,2203
8823,4441
8824,3246
8825,3957
8826,464
8827,3147
8828,2192
8829,3994
8830,4838
8831,2025
8832,4417
8833,2679
8834,3215
8835,915
8836,4521
8837,2367
8838,463
8839,2754
8840,941
8841,2372
8842,1572
8843,3235
8844,4388
8845,2085
8846,2489
8847,3136
8848,195
8849,2102
8850,3936
8851,739
8852,1562
8853,2159
8854,963
8855,3787
8856,2021
8857,1083
8858,4792
8859,1488
8860,4602
8861,2416
8862,4956
8863,4807
8864,773
8865,1256
8866,2259
8867,3010
8868,861
8869,3678
8870,4564
8871,4784
8872,4228
8873,4440
8874,3239
8875,2122
8876,3374
8877,4429
8878,2067
8879,4419
8880,2954
8881,3754
8882,1969
8883,3485
8884,79
8885,423
8886,874
8887,1070
8888,3018
8889,3954
8890,1477
8891,3012
8892,2783
8893,1902
8894,1818
8895,3639
8896,2506
8897,2607
8898,3252
8899,2006
8900,843
8901,3851
8902,4951
8903,790
8904,2387
8905,4257
8906,2474
8907,1064
8908,1869
8909,3940
8910,183
8911,4665
8912,1231
8913,4024
8914,3055
8915,3488
8916,2217
8917,1987
8918,4285
8919,1051
8920,1936
8921,4665
8922,2622
8923,851
8924,4780
8925,950
8926,4850
8927,3979
8928,142
8929,4468
8930,4499
8931,3222
8932,3621
8933,919
8934,1616
8935,208
8936,1890
8937,3194
8938,4909
8939,3719
8940,3131
8941,728
8942,3843
8943,3544
8944,4834
8945,355
8946,401
8947,593
8948,2726
8949,1978
8950,4022
8951,2854
8952,2585
8953,4688
8954,683
8955,2922
8956,232
8957,3206
8958,725
8959,3741
8960,2091
8961,1780
8962,3254
8963,3959
8964,4278
8965,3620
8966,1313
8967,4543
8968,76
8969,4874
8970,1337
8971,345
8972,1606
8973,621
8974,2169
8975,1077
8976,676
8977,2783
8978,330
8979,4103
8980,1002
8981,286
8982,2993
8983,296
8984,1102
8985,142
8986,1703
8987,4684
8988,4253
8989,4769
8990,970
8991,1842
8992,583
8993,2911
8994,896
8995,2139
8996,3466
8997,2746
8998,986
8999,2599
9000,4805
9001,4816
9002,1767
9003,365
9004,4668
9005,1761
9006,4929
9007,2939
9008,681
9009,2716
9010,2109
9011,865
9012,3395
9013,3945
9014,685
9015,1842
9016,3460
9017,1167
9018,1545
9019,4865
9020,82
9021,1831
9022,4585
9023,4215
9024,161
9025,4887
9026,2038
9027,2563
9028,305
9029,3790
9030,3475
9031,2870
9032,3805
9033,331
9034,1736
9035,4269
9036,2181
9037,3231
9038,1115
9039,984
9040,3543
9041,4561
9042,2288
9043,586
9044,3824
9045,2468
9046,1615
9047,3092
9048,3905
9049,353
9050,4670
9051,4999
9052,4001
9053,517
9054,1447
9055,4349
9056,2333
9057,593
9058,2279
9059,2007
9060,1632
9061,1629
9062,3478
9063,4433
9064,2952
9065,3244
9066,1522
9067,4203
9068,3466
9069,1538
9070,3303
9071,3698
9072,1269
9073,1014
9074,1756
9075,4709
9076,3186
9077,3895
9078,4782
9079,1132
9080,3643
9081,1532
9082,1064
9083,3368
9084,4567
9085,1850
9086,4763
9087,3205
9088,782
9089,1136
9090,3628
9091,2692
9092,496
9093,3394
9094,4426
9095,4431
9096,4437
9097,2435
9098,2214
9099,2558
9100,2561
9101,1207
9102,1128
9103,3089
9104,66
9105,1013
9106,1069
9107,3477
9108,4125
9109,2348
9110,2677
9111,1736
9112,1484
9113,274
9114,2376
9115,2855
9116,3854
9117,177
9118,4097
9119,4952
9120,474
9121,297
9122,3977
9123,1231
9124,3247
9125,2874
9126,3352
9127,3646
9128,490
9129,2069
9130,3410
9131,4144
9132,927
9133,1739
9134,2019
9135,280
9136,2298
9137,4242
9138,86
9139,3598
9140,2964
9141,400
9142,4484
9143,951
9144,3079
9145,4594
9146,2476
9147,4743
9148,3898
9149,4967
9150,3263
9151,2787
9152,2774
9153,1949
9154,2964
9155,1839
9156,3984
9157,1647
9158,4135
9159,1662
9160,2206
9161,3628
9162,3058
9163,4727
9164,4496
9165,480
9166,3285
9167,3137
9168,1105
9169,3784
9170,3335
9171,3954
9172,1987
9173,3446
9174,2848
9175,3373
9176,4742
9177,2333
9178,2372
9179,2220
9180,2182
9181,4965
9182,4554
9183,3531
9184,1408
9185,332
9186,4961
9187,604
9188,3925
9189,231
9190,446
9191,3359
9192,2108
9193,1344
9194,4836
9195,2839
9196,1221
9197,1681
9198,1049
9199,2657
9200,3665
9201,1319
9202,2654
9203,1755
9204,3848
9205,2363
9206,745
9207,634
9208,4148
9209,4518
9210,1407
9211,913
9212,409
9213,4897
9214,291
9215,1989
9216,1162
9217,273
9218,4159
9219,4351
9220,4673
9221,224
9222,2894
9223,2561
9224,4800
9225,145
9226,4004
9227,2925
9228,2056
9229,1388
9230,3737
9231,1079
9232,2243
9233,3695
9234,1972
9235,2948
9236,3259
9237,3076
9238,1146
9239,3400
9240,973
9241,1636
9242,3051
9243,2910
9244,4732
9245,4256
9246,2719
9247,4744
9248,697
9249,3537
9250,4799
9251,1625
9252,1328
9253,1592
9254,4975
9255,1579
9256,3142
9257,1642
9258,1943
9259,985
9260,1138
9261,3309
9262,1526
9263,2890
9264,351
9265,3278
9266,1704
9267,1611
9268,634
9269,4623
9270,3882
9271,3592
9272,3640
9273,2598
9274,2831
9275,1011
9276,1717
9277,3120
9278,158
9279,2501
9280,3821
9281,1050
9282,3806
9283,1591
9284,1865
9285,2269
9286,2825
9287,731
9288,2644
9289,4895
9290,1293
9291,3786
9292,518
9293,4841
9294,1275
9295,4817
9296,2767
9297,3202
9298,2464
9299,2539
9300,4952
9301,3687
9302,590
9303,660
9304,3938
9305,4736
9306,550
9307,438
9308,3906
9309,965
9310,4255
9311,1562
9312,2789
9313,3891
9314,857
9315,3855
9316,3646
9317,1024
9318,388
9319,742
9320,3487
9321,1254
9322,4941
9323,743
9324,2958
9325,1122
9326,2677
9327,1548
9328,3914
9329,3622
9330,4085
9331,2891
9332,3279
9333,236
9334,3203
9335,278
9336,1772
9337,3063
9338,139
9339,1106
9340,4526
9341,3878
9342,774
9343,2378
9344,864
9345,681
9346,1716
9347,3644
9348,3679
9349,2263
9350,3094
9351,3306
9352,1154
9353,190
9354,4852
9355,1055
9356,861
9357,2702
9358,1491
9359,3681
9360,61
9361,2244
9362,4886
9363,2876
9364,1896
9365,4613
9366,4628
9367,1096
9368,3392
9369,85
9370,452
9371,4507
9372,2240
9373,925
9374,2592
9375,804
9376,725
9377,2977
9378,144
9379,783
9380,545
9381,4215
9382,3266
9383,4944
9384,605
9385,1987
9386,3855
9387,1305
9388,3606
9389,4093
9390,1627
9391,2705
9392,3527
9393,3524
9394,1816
9395,105
9396,649
9397,3952
9398,2265
9399,3109
9400,592
9401,2941
9402,2342
9403,2330
9404,4635
9405,1635
9406,2840
9407,3542
9408,2220
9409,3369
9410,3929
9411,1877
9412,153
9413,597
9414,3583
9415,2031
9416,3083
9417,1022
9418,2243
9419,3652
9420,692
9421,4928
9422,1891
9423,3091
9424,3520
9425,140
9426,2642
9427,684
9428,1630
9429,1279
9430,4445
9431,484
9432,3077
9433,666
9434,4791
9435,1581
9436,320
9437,2711
9438,1029
9439,888
9440,735
9441,3578
9442,1335
9443,1580
9444,1878
9445,747
9446,2047
9447,1505
9448,753
9449,550
9450,4777
9451,4809
9452,1229
9453,1845
9454,4112
9455,3127
9456,4808
9457,2533
9458,140
9459,1918
9460,2567
9461,2957
9462,590
9463,4915
9464,3012
9465,4952
9466,4012
9467,1306
9468,3424
9469,4102
9470,4800
9471,1110
9472,4520
9473,2624
9474,4652
9475,179
9476,1588
9477,1255
9478,4586
9479,565
9480,636
9481,2930
9482,4853
9483,2010
9484,1740
9485,3221
9486,2135
9487,4938
9488,3712
9489,2725
9490,4710
9491,2051
9492,517
9493,1824
9494,4931
9495,3702
9496,943
9497,4577
9498,3033
9499,1512
9500,684
9501,3011
9502,1367
9503,4797
9504,274
9505,1411
9506,4652
9507,2994
9508,3680
9509,1704
9510,4256
9511,3821
9512,2708
9513,3252
9514,2500
9515,407
9516,3658
9517,3868
9518,2518
9519,246
9520,355
9521,784
9522,4448
9523,292
9524,3737
9525,4412
9526,4399
9527,4197
9528,1134
9529,1596
9530,3150
9531,2582
9532,2398
9533,3436
9534,3962
9535,4861
9536,2998
9537,4864
9538,4186
9539,3478
9540,3203
9541,849
9542,4310
9543,2077
9544,3319
9545,4741
9546,1736
9547,1559
9548,4979
9549,1158
9550,332
9551,4442
9552,4143
9553,2219
9554,1792
9555,923
9556,4214
9557,2726
9558,1658
9559,4967
9560,1460
9561,3092
9562,1858
9563,2887
9564,1823
9565,4595
9566,3955
9567,4692
9568,3487
9569,2327
9570,1473
9571,4565
9572,4289
9573,2258
9574,1154
9575,4324
9576,337
9577,2550
9578,4747
9579,3651
9580,4110
9581,845
9582,3651
9583,4452
9584,3551
9585,292
9586,2194
9587,2049
9588,450
9589,4642
9590,2815
9591,552
9592,2281
9593,4812
9594,237
9595,1833
9596,2583
9597,3652
9598,4590
9599,103
9600,4984
9601,4289
9602,602
9603,1121
9604,4577
9605,1506
9606,1778
9607,1212
9608,641
9609,59
9610,1763
9611,674
9612,2415
9613,2383
9614,4377
9615,727
9616,2935
9617,4231
9618,387
9619,2901
9620,3759
9621,2291
9622,1165
9623,4140
9624,3533
9625,1831
9626,1150
9627,2495
9628,4355
9629,2745
9630,3465
9631,2697
9632,690
9633,2234
9634,4424
9635,1202
9636,3747
9637,4443
9638,4091
9639,2509
9640,4282
9641,2195
9642,4173
9643,3756
9644,4455
9645,4766
9646,1151
9647,1193
9648,1380
9649,3764
9650,2559
9651,398
9652,950
9653,3388
9654,1749
9655,462
9656,3754
9657,2578
9658,3220
9659,4831
9660,2942
9661,2344
9662,4855
9663,2486
9664,2785
9665,1357
9666,4630
9667,2191
9668,2684
9669,1290
9670,2840
9671,3786
9672,3808
9673,120
9674,3011
9675,478
9676,4012
9677,1392
9678,178
9679,1191
9680,2027
9681,5000
9682,4287
9683,4858
9684,4176
9685,3501
9686,696
9687,4835
9688,2500
9689,4696
9690,3640
9691,4862
9692,4555
9693,2376
9694,684
9695,4772
9696,1973
9697,1752
9698,723
9699,3421
9700,702
9701,2883
9702,4504
9703,3356
9704,4342
9705,3579
9706,2336
9707,2058
9708,1495
9709,4926
9710,2544
9711,1747
9712,2883
9713,1415
9714,2179
9715,4891
9716,4308
9717,65
9718,4536
9719,3988
9720,2877
9721,1913
9722,894
9723,4885
9724,3712
9725,4387
9726,3148
9727,3858
9728,3881
9729,4407
9730,4749
9731,4174
9732,1508
9733,4414
9734,4202
9735,4791
9736,1881
9737,1274
9738,1299
9739,2541
9740,647
9741,97
9742,2744
9743,3032
9744,377
9745,1829
9746,886
9747,730
9748,4631
9749,3877
9750,250
9751,3735
9752,3169
9753,1802
9754,2773
9755,435
9756,2317
9757,4654
9758,637
9759,1500
9760,3809
9761,3694
9762,4804
9763,4898
9764,4152
9765,206
9766,1088
9767,128
9768,3894
9769,4566
9770,4721
9771,1302
9772,1445
9773,1557
9774,254
9775,2949
9776,3262
9777,1942
9778,2974
9779,1923
9780,3894
9781,189
9782,2686
9783,4864
9784,4438
9785,2485
9786,4217
9787,3801
9788,4364
9789,1150
9790,924
9791,3581
9792,2882
9793,3193
9794,643
9795,2921
9796,2834
9797,455
9798,465
9799,441
9800,3370
9801,285
9802,1247
9803,1282
9804,2833
9805,591
9806,220
9807,236
9808,1721
9809,1089
9810,2750
9811,3845
9812,4857
9813,4419
9814,506
9815,4743
9816,907
9817,621
9818,4821
9819,1959
9820,3192
9821,2747
9822,1430
9823,4113
9824,980
9825,3413
9826,1556
9827,3486
9828,1444
9829,462
9830,2444
9831,4124
9832,4695
9833,3585
9834,3261
9835,3354
9836,1142
9837,1381
9838,3614
9839,4072
9840,4900
9841,270
9842,2261
9843,3037
9844,721
9845,2769
9846,3683
9847,1357
9848,4707
9849,458
9850,444
9851,2942
9852,1475
9853,1477
9854,464
9855,1084
9856,3939
9857,1880
9858,1550
9859,833
9860,196
9861,3649
9862,2914
9863,3499
9864,4983
9865,1528
9866,2356
9867,620
9868,1387
9869,4635
9870,4945
9871,3537
9872,1674
9873,4643
9874,1306
9875,1618
9876,1927
9877,1589
9878,3484
9879,3239
9880,1687
9881,3608
9882,457
9883,823
9884,250
9885,3872
9886,3333
9887,4271
9888,4935
9889,517
9890,103
9891,680
9892,3221
9893,783
9894,2367
9895,3815
9896,4401
9897,218
9898,1349
9899,1303
9900,3832
9901,2974
9902,4145
9903,1871
9904,755
9905,2794
9906,3215
9907,645
9908,2865
9909,2167
9910,2616
9911,4830
9912,2343
9913,2546
9914,4128
9915,2134
9916,4912
9917,1996
9918,376
9919,2528
9920,1003
9921,3010
9922,521
9923,4872
9924,1274
9925,3876
9926,4513
9927,111
9928,1777
9929,1045
9930,1133
9931,3351
9932,314
9933,1584
9934,3867
9935,4479
9936,4458
9937,2205
9938,975
9939,2023
9940,3962
9941,3969
9942,1892
9943,2001
9944,109
9945,3300
9946,1468
9947,1442
9948,572
9949,1487
9950,2872
9951,3804
9952,746
9953,387
9954,895
9955,4359
9956,1731
9957,2801
9958,2520
9959,2468
9960,1558
9961,399
9962,4300
9963,2841
9964,3326
9965,345
9966,2260
9967,2568
9968,1922
9969,1751
9970,1590
9971,1696
9972,2222
9973,4522
9974,1478
9975,3209
9976,1567
9977,2405
9978,1561
9979,245
9980,2191
9981,2686
9982,1537
9983,242
9984,3626
9985,4580
9986,4937
9987,4906
9988,403
9989,3211
9990,555
9991,3069
9992,232
9993,1127
9994,1032
9995,95
9996,897
9997,4356
9998,4298
9999,654
10000,140
